id,Danceability
17170,4.0967484
17171,5.993817
17172,4.738651
17173,4.105511
17174,4.0240827
17175,5.2634983
17176,3.6699274
17177,2.2018597
17178,6.2328086
17179,2.6993997
17180,5.8045816
17181,3.7569566
17182,3.711706
17183,4.08315
17184,6.839093
17185,4.233248
17186,3.2514598
17187,2.4852133
17188,3.023474
17189,3.273872
17190,7.4159713
17191,4.564789
17192,3.8524587
17193,4.0305367
17194,3.1167147
17195,4.7541566
17196,3.7445488
17197,6.7692013
17198,8.7045145
17199,6.4430842
17200,1.9722344
17201,4.559885
17202,2.9127727
17203,-0.33926332
17204,5.4057817
17205,3.4333844
17206,4.831058
17207,3.2522984
17208,3.1942706
17209,2.8915815
17210,2.0564501
17211,3.1873457
17212,2.0630352
17213,3.8331306
17214,5.109064
17215,3.8935297
17216,5.265683
17217,7.2144923
17218,6.427624
17219,6.8627467
17220,4.604468
17221,2.4510937
17222,1.1835254
17223,2.6034768
17224,3.007141
17225,2.3277895
17226,5.065659
17227,1.7986228
17228,6.2909646
17229,2.453927
17230,3.0325627
17231,1.9777904
17232,3.8991783
17233,3.4553351
17234,4.693875
17235,1.7917272
17236,3.682112
17237,2.2569351
17238,1.2862957
17239,3.6449971
17240,1.0659435
17241,0.89050096
17242,2.1966965
17243,2.1236665
17244,0.7547891
17245,6.082104
17246,3.3706298
17247,5.3045087
17248,2.146612
17249,3.6112008
17250,0.07998253
17251,1.5928864
17252,2.874711
17253,2.0295963
17254,4.798318
17255,5.374825
17256,3.8703537
17257,4.390961
17258,3.179103
17259,6.29613
17260,3.5089755
17261,5.101808
17262,4.9311676
17263,7.8530016
17264,3.4711735
17265,6.299902
17266,5.877266
17267,3.8866146
17268,4.6545835
17269,4.861308
17270,5.8216696
17271,7.0844555
17272,6.541085
17273,7.6283073
17274,5.6481013
17275,7.5476646
17276,4.644003
17277,3.051919
17278,2.7597861
17279,2.0584269
17280,5.4252267
17281,5.68563
17282,1.6277237
17283,4.547689
17284,3.7229125
17285,6.948043
17286,2.6555266
17287,2.562777
17288,4.7706175
17289,3.6986165
17290,4.879362
17291,1.6711707
17292,5.801235
17293,4.6366906
17294,8.592492
17295,5.721669
17296,4.4061255
17297,2.4113424
17298,7.4080343
17299,5.1988997
17300,8.049347
17301,6.115749
17302,8.803569
17303,3.0452898
17304,5.4931736
17305,4.874613
17306,2.9976199
17307,5.051611
17308,2.620605
17309,5.8001013
17310,4.640584
17311,7.2665186
17312,2.7382448
17313,6.3402867
17314,6.7367196
17315,4.7249913
17316,3.032336
17317,3.344007
17318,2.846069
17319,3.9350479
17320,7.1450596
17321,5.1139445
17322,4.6289215
17323,2.3521523
17324,2.9414346
17325,1.7268586
17326,4.898647
17327,5.0135036
17328,4.1694865
17329,3.90345
17330,3.5462182
17331,2.7448578
17332,2.2582889
17333,1.474069
17334,3.3237638
17335,3.089659
17336,6.1892653
17337,7.46033
17338,4.6863594
17339,4.5350127
17340,3.65064
17341,1.5694845
17342,2.3173587
17343,3.5597317
17344,1.6442952
17345,4.060179
17346,5.947902
17347,4.726292
17348,7.976897
17349,1.8764832
17350,6.4385366
17351,2.9196844
17352,1.2618263
17353,2.4856942
17354,5.299076
17355,5.4284663
17356,4.7348895
17357,4.3268347
17358,4.8159633
17359,7.297574
17360,4.2016892
17361,5.411874
17362,3.6944685
17363,5.188786
17364,5.9226537
17365,7.628061
17366,4.7550917
17367,7.215036
17368,7.108798
17369,7.881279
17370,6.3860393
17371,8.627655
17372,9.226232
17373,6.3796687
17374,5.220838
17375,3.5586324
17376,4.7078056
17377,-0.39162385
17378,4.011305
17379,6.716046
17380,4.2183843
17381,6.1312623
17382,1.5203868
17383,5.687461
17384,8.88846
17385,3.5196867
17386,6.5190616
17387,3.2071974
17388,4.043638
17389,3.8577285
17390,6.6802635
17391,6.8075433
17392,6.9450927
17393,6.0111704
17394,5.2787566
17395,6.1051364
17396,7.741022
17397,5.08596
17398,5.546153
17399,3.2464879
17400,2.9705505
17401,5.5279384
17402,5.9700847
17403,3.7464316
17404,5.307968
17405,5.770333
17406,5.855832
17407,2.3280811
17408,3.4349542
17409,6.3221292
17410,3.9686148
17411,5.762654
17412,2.4746602
17413,4.68894
17414,7.7903175
17415,4.9033427
17416,6.9409885
17417,5.0232606
17418,4.5505066
17419,7.674814
17420,2.0354686
17421,7.8872066
17422,1.7595544
17423,0.85406417
17424,5.7827935
17425,5.052102
17426,4.2923546
17427,5.2148113
17428,3.9935913
17429,5.5911927
17430,3.631841
17431,4.3196115
17432,5.3628325
17433,4.055404
17434,3.6627705
17435,2.5305204
17436,5.311807
17437,0.76349056
17438,7.357821
17439,4.818353
17440,3.9917634
17441,5.463552
17442,1.4929688
17443,4.0799017
17444,5.6441655
17445,3.7287903
17446,2.9045577
17447,3.9962122
17448,2.5143056
17449,3.916615
17450,4.0340967
17451,6.025949
17452,5.4249525
17453,7.6293755
17454,4.873399
17455,1.5657357
17456,7.309309
17457,3.732738
17458,6.694184
17459,5.2959204
17460,0.36271754
17461,2.9855902
17462,1.8892667
17463,0.77101797
17464,3.7665334
17465,1.9704876
17466,1.2008487
17467,4.5200124
17468,5.7374344
17469,3.95201
17470,0.7788456
17471,5.25079
17472,3.879638
17473,6.084695
17474,1.9622694
17475,3.3733296
17476,6.9521775
17477,5.203218
17478,7.794541
17479,4.111686
17480,3.3172798
17481,4.8339295
17482,6.9007244
17483,4.6927757
17484,4.982755
17485,3.8865778
17486,9.258694
17487,4.3593607
17488,5.3725176
17489,-0.2027483
17490,7.681294
17491,3.0798314
17492,4.6447077
17493,5.008596
17494,5.457079
17495,1.5141485
17496,8.542663
17497,8.109485
17498,4.398234
17499,3.496763
17500,3.8280432
17501,4.2217937
17502,5.4713163
17503,2.3442142
17504,4.83154
17505,1.9403443
17506,6.0258656
17507,1.0900124
17508,3.4883552
17509,4.6317186
17510,5.484135
17511,4.177663
17512,4.51657
17513,3.5635216
17514,4.173148
17515,6.4335017
17516,5.55308
17517,1.505921
17518,4.902794
17519,5.2026224
17520,4.3924556
17521,4.5742393
17522,3.9806526
17523,4.6591086
17524,4.153213
17525,5.9639688
17526,2.8566406
17527,2.5853548
17528,5.606748
17529,6.6033926
17530,2.8840592
17531,6.1533604
17532,3.8581398
17533,1.5964648
17534,4.5746017
17535,8.164466
17536,2.3518157
17537,6.709197
17538,5.458214
17539,2.9496753
17540,5.4942083
17541,5.828817
17542,3.969697
17543,6.8610806
17544,6.4903803
17545,3.1633499
17546,5.476484
17547,3.967157
17548,4.120367
17549,3.6611056
17550,5.358424
17551,7.5817294
17552,4.7478437
17553,2.581507
17554,3.4695864
17555,5.689116
17556,5.400033
17557,3.0066073
17558,4.4306784
17559,6.8186245
17560,6.481278
17561,6.551423
17562,3.5472922
17563,4.688597
17564,5.3720875
17565,1.5577965
17566,7.257965
17567,2.4964557
17568,6.3010526
17569,1.1011066
17570,2.3143065
17571,8.700628
17572,6.391038
17573,4.865675
17574,4.2481666
17575,6.2168255
17576,1.8098962
17577,0.8716955
17578,5.9280767
17579,8.140436
17580,5.933143
17581,7.5139165
17582,4.7189693
17583,1.8088511
17584,2.34786
17585,4.4678826
17586,5.15716
17587,3.409887
17588,6.8509574
17589,2.9603977
17590,4.534782
17591,5.1301465
17592,2.396292
17593,2.4375489
17594,3.6394644
17595,4.830692
17596,3.268378
17597,3.4694788
17598,3.3697846
17599,4.405359
17600,3.9009871
17601,5.518295
17602,3.9160016
17603,4.542622
17604,2.4455037
17605,2.9522486
17606,1.150369
17607,2.0139751
17608,5.8483496
17609,7.8631535
17610,1.5349076
17611,3.9783463
17612,3.6946528
17613,4.831433
17614,1.4034406
17615,4.6450458
17616,2.9145098
17617,3.977527
17618,1.0733696
17619,4.345756
17620,3.921487
17621,3.6008668
17622,6.9427266
17623,4.7473426
17624,2.3323002
17625,3.2611756
17626,6.4184914
17627,4.1636267
17628,2.830666
17629,3.2115579
17630,7.5077343
17631,1.5914159
17632,6.69467
17633,1.5960785
17634,3.2694886
17635,2.620168
17636,4.7903357
17637,1.2102768
17638,2.1360447
17639,6.237453
17640,4.141148
17641,2.974871
17642,4.353836
17643,3.147045
17644,5.1708994
17645,2.3938339
17646,4.5458612
17647,1.5211792
17648,5.4469843
17649,0.7433475
17650,5.165589
17651,1.0268164
17652,1.8707876
17653,4.788312
17654,3.5627656
17655,2.021486
17656,5.387702
17657,2.5952384
17658,0.5738003
17659,4.0947375
17660,1.7922444
17661,0.7336211
17662,2.356428
17663,0.59588885
17664,0.86982095
17665,-0.6428288
17666,0.66934174
17667,5.8557663
17668,1.5703797
17669,2.5871718
17670,2.4358702
17671,1.3450322
17672,1.3472618
17673,0.95010847
17674,2.521972
17675,1.7768853
17676,4.418306
17677,1.2896128
17678,0.39822873
17679,1.525685
17680,2.267266
17681,7.011403
17682,6.7134004
17683,5.377955
17684,3.4469478
17685,3.743632
17686,2.729409
17687,0.43426925
17688,-0.3584853
17689,3.1603339
17690,4.7268314
17691,4.8388276
17692,2.6846247
17693,0.50274265
17694,4.416134
17695,5.5242434
17696,4.5689015
17697,1.1950808
17698,1.4266484
17699,0.14500147
17700,1.4656155
17701,4.403928
17702,2.9214594
17703,6.0041585
17704,3.4540048
17705,3.9814873
17706,1.5755563
17707,4.3726287
17708,8.532602
17709,5.0893836
17710,2.9875965
17711,5.8834643
17712,6.342795
17713,2.4194934
17714,7.22731
17715,0.99557984
17716,4.500996
17717,1.8052685
17718,2.8257399
17719,3.4088397
17720,2.2617314
17721,0.80487263
17722,2.0372558
17723,2.585718
17724,0.048092674
17725,1.62717
17726,3.958148
17727,3.4508276
17728,2.695685
17729,1.9490669
17730,3.7382848
17731,1.2865626
17732,2.0247052
17733,2.997351
17734,4.2315483
17735,4.693095
17736,7.2207456
17737,0.45420027
17738,2.8595376
17739,-0.076571085
17740,1.814655
17741,1.7923113
17742,8.792361
17743,7.8866286
17744,3.7190022
17745,7.3630934
17746,2.857729
17747,3.2653425
17748,2.939322
17749,0.9054693
17750,4.6351485
17751,2.2512712
17752,6.314846
17753,3.6634939
17754,5.110768
17755,3.6097162
17756,4.5123224
17757,3.8482347
17758,4.178623
17759,-0.07865378
17760,1.2145311
17761,1.7529199
17762,0.80854064
17763,4.747348
17764,1.7923462
17765,6.5881014
17766,2.2980938
17767,4.562606
17768,8.338753
17769,2.7114396
17770,2.6496904
17771,5.6696
17772,5.862355
17773,7.964495
17774,7.156321
17775,2.9244277
17776,4.3132358
17777,2.008293
17778,4.1179147
17779,8.302768
17780,3.1987147
17781,4.7024703
17782,4.121998
17783,3.7892845
17784,4.839311
17785,4.0372357
17786,5.350602
17787,2.3941584
17788,1.7102426
17789,7.8462405
17790,1.1412301
17791,1.5797682
17792,1.4983997
17793,2.561725
17794,2.9397671
17795,8.514066
17796,4.1782794
17797,8.049575
17798,7.245865
17799,4.4509444
17800,3.1149457
17801,5.4703465
17802,7.6595235
17803,8.091865
17804,7.0703073
17805,2.2718523
17806,4.9113655
17807,2.9275937
17808,1.1256006
17809,6.9367723
17810,5.0947824
17811,3.1825936
17812,3.7056227
17813,2.3064432
17814,3.6997414
17815,4.9123454
17816,4.246186
17817,2.4778135
17818,4.655921
17819,6.2387342
17820,6.437453
17821,3.7980752
17822,4.5043077
17823,5.5183554
17824,1.4090207
17825,4.401959
17826,4.1039834
17827,4.010322
17828,6.416384
17829,5.0127463
17830,2.3364518
17831,6.7959375
17832,5.1994023
17833,1.6900067
17834,1.8222406
17835,4.1637774
17836,2.1660662
17837,3.716667
17838,3.0150614
17839,3.914666
17840,3.22485
17841,6.3082075
17842,4.962023
17843,4.4910483
17844,7.1145635
17845,4.8138356
17846,7.038666
17847,7.344916
17848,5.6299305
17849,4.512195
17850,7.757323
17851,6.0347905
17852,2.046529
17853,4.9738574
17854,4.959493
17855,3.1161654
17856,7.342269
17857,4.396235
17858,2.781685
17859,5.721465
17860,5.359925
17861,2.456436
17862,2.057169
17863,1.8321981
17864,6.0212717
17865,3.9054732
17866,6.3707476
17867,2.6804578
17868,2.7090974
17869,6.5366344
17870,4.8598084
17871,1.7104815
17872,4.146261
17873,4.107642
17874,2.9777064
17875,2.431083
17876,3.335433
17877,4.517352
17878,4.912154
17879,4.6865325
17880,1.7711406
17881,1.6934915
17882,3.8151584
17883,4.988493
17884,4.2379413
17885,5.8714423
17886,2.1106982
17887,2.8402598
17888,3.5566287
17889,4.9439673
17890,4.704956
17891,6.2047944
17892,1.8110963
17893,2.8817205
17894,2.4779158
17895,5.3627152
17896,9.646849
17897,5.2383156
17898,8.35737
17899,1.467577
17900,3.1382847
17901,9.403478
17902,3.3075178
17903,6.461804
17904,6.323614
17905,8.464977
17906,5.1282153
17907,3.9409442
17908,4.3477564
17909,5.9652934
17910,3.9711952
17911,6.2973657
17912,3.3179126
17913,3.9034126
17914,1.3088878
17915,7.592129
17916,3.8271148
17917,3.6619732
17918,2.2249038
17919,3.1185353
17920,3.7804556
17921,0.84918404
17922,3.3984475
17923,4.717481
17924,3.3870842
17925,3.8192432
17926,3.7226248
17927,6.515904
17928,3.7171056
17929,1.5494871
17930,1.2233039
17931,-0.33270544
17932,7.8273554
17933,3.6855466
17934,4.892179
17935,7.3213696
17936,7.931939
17937,4.865837
17938,4.659582
17939,3.4130695
17940,2.399365
17941,7.823583
17942,9.039794
17943,6.68579
17944,2.5671344
17945,4.148121
17946,5.5085516
17947,2.9671688
17948,2.8782194
17949,3.009928
17950,1.3564044
17951,1.3146156
17952,7.2645516
17953,1.4195814
17954,5.345413
17955,5.038518
17956,6.717421
17957,3.9478834
17958,5.866321
17959,3.7470467
17960,3.2367473
17961,4.0230284
17962,3.5267863
17963,8.247201
17964,5.1209745
17965,8.225095
17966,3.8310375
17967,4.3807464
17968,5.2825284
17969,5.5753183
17970,6.2996173
17971,4.089446
17972,2.7088976
17973,7.439231
17974,6.4176083
17975,3.5381978
17976,3.430092
17977,5.0471544
17978,5.634585
17979,3.6088047
17980,3.9795356
17981,6.8152313
17982,3.194648
17983,6.3846016
17984,4.902869
17985,8.15509
17986,5.74569
17987,4.679467
17988,5.7387
17989,8.531616
17990,6.406356
17991,7.958386
17992,6.5473943
17993,8.3855715
17994,0.729834
17995,1.3413994
17996,6.4097557
17997,5.3632293
17998,8.593955
17999,5.019163
18000,8.166849
18001,6.9842567
18002,6.808834
18003,3.7285037
18004,5.3415236
18005,2.1922705
18006,2.0462887
18007,1.4475408
18008,5.4727583
18009,5.9402647
18010,5.2460694
18011,4.094065
18012,2.882934
18013,5.8972635
18014,2.2707636
18015,5.0395985
18016,2.9016635
18017,4.258106
18018,5.09212
18019,3.8986778
18020,5.133123
18021,6.510677
18022,5.2845902
18023,4.049667
18024,7.0357375
18025,5.9305525
18026,2.753249
18027,4.874215
18028,4.954666
18029,2.7651038
18030,1.9602656
18031,1.1034322
18032,2.1313453
18033,0.24099733
18034,3.54745
18035,1.0872579
18036,5.9928427
18037,1.092702
18038,4.5177565
18039,5.5258923
18040,4.2661376
18041,6.523671
18042,3.4754386
18043,4.943004
18044,5.2102966
18045,5.1356263
18046,7.222945
18047,5.800393
18048,5.414244
18049,2.867945
18050,5.3442836
18051,4.275937
18052,5.3212485
18053,6.107788
18054,4.6590743
18055,5.943329
18056,7.441744
18057,4.293507
18058,5.7167215
18059,4.1907635
18060,5.646083
18061,3.8965359
18062,5.4977856
18063,7.0805297
18064,1.3696766
18065,5.663268
18066,3.8219697
18067,6.1249104
18068,4.6631494
18069,3.325273
18070,3.26571
18071,3.3448062
18072,3.3803642
18073,5.177009
18074,6.7474217
18075,2.1095214
18076,3.1608908
18077,5.6877823
18078,7.6357965
18079,1.5307178
18080,2.8329911
18081,4.506582
18082,6.895825
18083,4.4026213
18084,6.109184
18085,8.529842
18086,8.42174
18087,2.3780272
18088,3.4966364
18089,2.7191632
18090,4.3430724
18091,1.7060496
18092,2.4708047
18093,1.6498156
18094,3.6554806
18095,6.3815365
18096,5.668695
18097,3.6030009
18098,3.7782311
18099,4.210806
18100,3.329547
18101,1.7797248
18102,5.8769484
18103,2.449816
18104,5.2647686
18105,3.5289662
18106,7.610055
18107,3.0278065
18108,1.0287035
18109,2.1588562
18110,4.226114
18111,3.8007443
18112,5.9428916
18113,8.543899
18114,4.388541
18115,2.9702022
18116,5.6114173
18117,6.6246343
18118,3.9278603
18119,5.5399704
18120,6.093327
18121,4.473026
18122,4.1984553
18123,2.7204611
18124,7.5919867
18125,6.330053
18126,1.2112434
18127,5.1919723
18128,8.909609
18129,3.300799
18130,5.082578
18131,3.347044
18132,5.926089
18133,2.0414715
18134,3.2399611
18135,2.5480726
18136,4.437938
18137,2.8848152
18138,5.9697757
18139,2.1993828
18140,0.41760778
18141,3.3547556
18142,3.0188878
18143,2.1467733
18144,1.7284061
18145,6.9507627
18146,3.4089162
18147,1.7787299
18148,3.0719094
18149,5.79243
18150,5.6627665
18151,5.0570474
18152,7.4457474
18153,2.574662
18154,4.1273637
18155,6.740023
18156,4.7098117
18157,8.0581665
18158,1.6208665
18159,6.58263
18160,7.812886
18161,4.1511197
18162,6.685675
18163,4.1043916
18164,1.7704213
18165,6.4056196
18166,4.0401816
18167,5.266101
18168,3.6248739
18169,8.8362465
18170,5.5178804
18171,4.486173
18172,5.57741
18173,6.413913
18174,4.308842
18175,5.650043
18176,2.341273
18177,-0.023216248
18178,2.019661
18179,3.5917425
18180,6.6423793
18181,5.360756
18182,6.064032
18183,1.0200115
18184,7.4740896
18185,5.466172
18186,3.4828253
18187,2.5878756
18188,2.4425762
18189,0.24352616
18190,3.2403555
18191,2.8373647
18192,5.554423
18193,2.3653495
18194,3.0423007
18195,2.6082969
18196,4.3281035
18197,3.5500572
18198,1.4908974
18199,5.4723945
18200,1.8080934
18201,1.3418415
18202,2.687591
18203,0.72300434
18204,0.90275925
18205,1.9158082
18206,2.9416025
18207,1.6823542
18208,3.5503767
18209,-1.5033547
18210,4.640191
18211,6.738088
18212,8.266739
18213,6.225396
18214,5.652835
18215,4.0492415
18216,2.8531992
18217,4.6882153
18218,2.9431477
18219,5.106908
18220,4.8594
18221,5.0882034
18222,4.621622
18223,4.981304
18224,8.146368
18225,1.544528
18226,4.156547
18227,5.1154323
18228,6.328914
18229,7.497472
18230,3.700706
18231,3.818565
18232,3.1623461
18233,3.9110513
18234,6.749466
18235,3.7777424
18236,2.6986537
18237,4.3044586
18238,7.024061
18239,2.0432293
18240,7.2455654
18241,3.637611
18242,2.6136034
18243,7.0253963
18244,4.517784
18245,7.435598
18246,7.494993
18247,5.7968373
18248,3.5057547
18249,2.9297838
18250,7.0898914
18251,4.004412
18252,7.6768184
18253,7.8932962
18254,3.8027747
18255,3.8334382
18256,3.2539163
18257,2.7577276
18258,1.6687493
18259,6.4888678
18260,5.04907
18261,7.08577
18262,1.7434409
18263,1.5628455
18264,1.2903943
18265,4.554361
18266,3.0360594
18267,0.9667725
18268,1.4650757
18269,4.189593
18270,4.3865075
18271,5.7551527
18272,3.2273972
18273,5.1334023
18274,2.7409759
18275,3.736227
18276,3.919314
18277,2.3313472
18278,2.0529377
18279,3.760963
18280,7.619675
18281,6.219967
18282,3.9380112
18283,6.764742
18284,1.7823701
18285,4.4795704
18286,1.4369965
18287,5.672836
18288,1.0984544
18289,6.926703
18290,3.1699252
18291,6.518096
18292,9.303986
18293,3.9084694
18294,0.29570904
18295,3.3423555
18296,1.4873505
18297,6.127222
18298,3.6284304
18299,1.9622964
18300,2.8785315
18301,2.9874904
18302,6.121307
18303,4.0958824
18304,2.9735537
18305,2.8250062
18306,3.398723
18307,1.1000562
18308,4.6733236
18309,6.362639
18310,8.705803
18311,4.6799884
18312,5.4035277
18313,3.2605705
18314,1.9113595
18315,4.588699
18316,7.295669
18317,4.967969
18318,2.4003723
18319,1.3991747
18320,1.727279
18321,0.59390926
18322,3.4126265
18323,5.574443
18324,2.0480864
18325,4.492199
18326,6.6676583
18327,6.195773
18328,0.7653928
18329,9.160397
18330,3.1600175
18331,4.9085965
18332,4.040178
18333,1.9568214
18334,0.91804576
18335,1.614577
18336,3.2094767
18337,3.408487
18338,1.8393221
18339,3.128912
18340,2.562341
18341,5.4465656
18342,5.351445
18343,6.5968604
18344,5.541086
18345,5.4229693
18346,1.819413
18347,5.890843
18348,2.8584707
18349,4.0455136
18350,5.6645827
18351,1.8578792
18352,4.3298993
18353,7.9387126
18354,4.4534597
18355,1.7745165
18356,4.451322
18357,1.6660221
18358,7.8194327
18359,5.452568
18360,5.392162
18361,2.147938
18362,3.7266164
18363,5.4879174
18364,6.2999744
18365,1.8563385
18366,5.9682117
18367,3.156405
18368,5.4419456
18369,2.601355
18370,4.182457
18371,4.952606
18372,2.1508803
18373,7.0940576
18374,7.8466063
18375,5.6169505
18376,3.3566318
18377,3.490307
18378,3.9755108
18379,8.825248
18380,2.8465981
18381,8.35087
18382,7.3920193
18383,7.686501
18384,5.524307
18385,5.7915854
18386,9.033811
18387,5.9922414
18388,5.296488
18389,6.638564
18390,5.9157014
18391,0.25299418
18392,2.4569821
18393,1.1975571
18394,5.645692
18395,0.1900087
18396,2.3961577
18397,0.47495323
18398,0.23317364
18399,2.970292
18400,4.7717915
18401,3.9786096
18402,0.92654234
18403,5.7966256
18404,1.9397132
18405,3.182133
18406,3.9546597
18407,3.3528707
18408,4.6405945
18409,4.9959135
18410,7.155021
18411,2.314534
18412,1.6943226
18413,3.66455
18414,4.8092003
18415,4.26481
18416,8.372319
18417,4.148384
18418,2.9535084
18419,1.2527962
18420,-0.034647822
18421,2.7065167
18422,2.0482233
18423,3.6461768
18424,2.6272287
18425,1.8391988
18426,0.9814869
18427,-0.08871579
18428,2.181591
18429,4.1671696
18430,3.9476237
18431,3.5320635
18432,2.9550219
18433,3.3274946
18434,0.820661
18435,3.1657672
18436,4.6431985
18437,3.36292
18438,3.9720464
18439,1.885215
18440,1.0207914
18441,4.0946226
18442,6.463941
18443,4.090553
18444,4.9550543
18445,2.119266
18446,6.1086426
18447,5.809456
18448,6.0992107
18449,1.5193255
18450,2.7826753
18451,2.8837345
18452,5.4283214
18453,5.013123
18454,6.257517
18455,4.6366444
18456,6.2880607
18457,5.018753
18458,7.2486506
18459,4.1827106
18460,3.4494057
18461,6.112676
18462,5.277546
18463,4.5682254
18464,8.780975
18465,5.492472
18466,1.8414003
18467,2.0719995
18468,4.553788
18469,4.9539223
18470,3.6687906
18471,3.1771142
18472,4.343904
18473,5.426872
18474,4.481752
18475,3.1562178
18476,1.7096078
18477,5.2582626
18478,5.9895554
18479,3.088844
18480,7.279396
18481,1.9256023
18482,3.022146
18483,4.217988
18484,7.0490837
18485,4.588887
18486,2.8158631
18487,3.1518521
18488,4.101425
18489,6.4229913
18490,4.5035224
18491,4.877781
18492,4.6528916
18493,2.6534164
18494,4.9056945
18495,4.946541
18496,5.3865247
18497,5.8113804
18498,4.435123
18499,4.117482
18500,3.0126555
18501,3.9964452
18502,3.6820571
18503,4.545871
18504,3.5308769
18505,7.3855906
18506,4.178159
18507,3.70626
18508,6.91865
18509,7.160158
18510,6.8202267
18511,6.477962
18512,5.367331
18513,7.5734406
18514,4.8735557
18515,3.0196128
18516,1.1775086
18517,2.449741
18518,2.9959702
18519,6.1577516
18520,8.333111
18521,6.1556
18522,0.27515513
18523,5.260985
18524,1.8467777
18525,1.6246979
18526,3.038811
18527,3.4888825
18528,3.9261208
18529,5.697851
18530,1.5385425
18531,1.6866156
18532,6.3253593
18533,5.4266796
18534,4.2089105
18535,3.6998177
18536,5.4727445
18537,3.826139
18538,7.705552
18539,3.4834294
18540,0.96001595
18541,2.9403515
18542,2.5827684
18543,5.8351245
18544,7.154469
18545,1.7832754
18546,5.2846932
18547,5.2328024
18548,4.1752157
18549,4.9628706
18550,1.0211123
18551,1.810443
18552,3.4158287
18553,2.5874906
18554,-0.075451836
18555,0.23444147
18556,1.6801777
18557,0.81858546
18558,2.7635927
18559,1.7513226
18560,6.4844427
18561,1.6958566
18562,5.7367115
18563,4.155273
18564,2.5691998
18565,2.1684487
18566,6.021768
18567,6.8234644
18568,2.5658882
18569,1.5067637
18570,8.169014
18571,7.5140924
18572,3.4410977
18573,5.2008038
18574,4.5379877
18575,4.904517
18576,1.7973421
18577,3.9054456
18578,6.513425
18579,4.0081525
18580,4.588881
18581,1.9409282
18582,3.7288632
18583,2.8787372
18584,1.5779736
18585,5.443225
18586,1.5008597
18587,6.370013
18588,2.3151152
18589,3.1797774
18590,1.36537
18591,7.0606008
18592,0.4735832
18593,6.0258183
18594,1.3669147
18595,2.8213372
18596,0.5397256
18597,1.985188
18598,5.0541677
18599,2.3040378
18600,3.204301
18601,4.991117
18602,1.835916
18603,3.2659297
18604,7.1586547
18605,6.852401
18606,3.6569524
18607,4.803517
18608,6.1422486
18609,2.2155368
18610,5.280514
18611,4.811811
18612,3.938949
18613,1.4734335
18614,6.173409
18615,3.7546484
18616,0.9640224
18617,3.6751907
18618,2.00436
18619,3.3284705
18620,1.0139866
18621,5.6516075
18622,1.7241615
18623,3.6563008
18624,1.0973369
18625,4.8191733
18626,1.8663383
18627,4.843814
18628,-0.5357013
18629,2.0682905
18630,4.508909
18631,3.687243
18632,3.1096046
18633,3.7724218
18634,4.2225027
18635,8.105813
18636,5.396043
18637,0.11109036
18638,1.2872546
18639,3.9992852
18640,1.3493075
18641,4.7993493
18642,3.8709574
18643,2.6281137
18644,5.550102
18645,1.7176024
18646,4.3162107
18647,3.084846
18648,1.1295518
18649,1.44459
18650,5.149789
18651,0.278285
18652,2.5129797
18653,1.2346207
18654,5.4571347
18655,7.406413
18656,4.419923
18657,1.376749
18658,7.626261
18659,5.6087117
18660,4.746574
18661,7.1258516
18662,6.5962253
18663,3.056281
18664,4.2160277
18665,7.2094164
18666,4.7891765
18667,3.8860443
18668,2.337489
18669,0.22504927
18670,1.528605
18671,3.1751266
18672,0.048378278
18673,4.2501187
18674,2.836421
18675,2.7018962
18676,2.755722
18677,2.2760394
18678,2.8902373
18679,2.660308
18680,1.7142801
18681,1.717286
18682,3.4840963
18683,2.6923697
18684,5.3768663
18685,3.7189174
18686,5.760027
18687,4.157253
18688,1.4405639
18689,4.057472
18690,3.9337654
18691,5.066653
18692,4.535725
18693,1.0259461
18694,7.899383
18695,3.7119417
18696,1.9849659
18697,2.7891848
18698,2.0719016
18699,1.8842127
18700,3.895322
18701,6.9336677
18702,4.0290184
18703,4.0013876
18704,5.806791
18705,3.5877888
18706,6.2676554
18707,1.0292218
18708,5.099251
18709,0.56375057
18710,5.10388
18711,2.6448832
18712,1.4863293
18713,1.093221
18714,5.767142
18715,5.222976
18716,2.7154589
18717,3.9769979
18718,5.4569807
18719,3.5870855
18720,1.6779132
18721,4.615062
18722,3.114505
18723,3.4996374
18724,6.2795925
18725,7.401373
18726,6.2770343
18727,7.329388
18728,6.067943
18729,5.774641
18730,6.2457166
18731,4.306215
18732,2.7739012
18733,6.4820766
18734,5.8799696
18735,2.501978
18736,2.834219
18737,2.8212245
18738,4.1225715
18739,4.975567
18740,6.455499
18741,5.032012
18742,4.5074835
18743,3.6325154
18744,5.107215
18745,2.8460853
18746,2.340305
18747,2.140304
18748,5.6637073
18749,5.4741645
18750,1.6972542
18751,5.3252287
18752,1.5225744
18753,1.1388116
18754,1.08572
18755,0.8533037
18756,1.9464445
18757,3.3051102
18758,4.248638
18759,2.5004022
18760,4.9634233
18761,5.7888355
18762,5.9157944
18763,2.2470322
18764,4.799871
18765,1.2052306
18766,4.732134
18767,6.6149445
18768,5.498789
18769,2.0662441
18770,8.359448
18771,4.896877
18772,3.473263
18773,4.5114737
18774,2.4575074
18775,0.8433504
18776,-0.79092777
18777,6.911956
18778,4.247375
18779,4.9174414
18780,9.119256
18781,6.8620496
18782,5.946771
18783,4.9700756
18784,0.6200665
18785,2.2717414
18786,5.5097756
18787,3.4052985
18788,4.1378684
18789,8.77118
18790,3.3911152
18791,8.142759
18792,2.2361503
18793,0.19906376
18794,6.2241383
18795,3.739905
18796,8.030448
18797,5.8219995
18798,5.8708525
18799,1.9788527
18800,5.5971723
18801,4.3666825
18802,3.952289
18803,5.920719
18804,4.2911944
18805,4.059791
18806,1.8333058
18807,1.4154333
18808,3.4892652
18809,2.1538856
18810,2.2010455
18811,3.9330633
18812,0.1908616
18813,2.8143613
18814,1.2364532
18815,6.5877976
18816,6.2653723
18817,2.6576123
18818,1.8889903
18819,5.4016733
18820,4.026671
18821,6.4172835
18822,1.5188959
18823,5.689117
18824,5.298747
18825,3.7162817
18826,4.71851
18827,5.571146
18828,6.014927
18829,3.677115
18830,6.752286
18831,4.8769746
18832,0.9710248
18833,3.6052802
18834,3.776645
18835,4.8982587
18836,5.2674603
18837,7.245348
18838,3.6068218
18839,4.173771
18840,5.574762
18841,6.660034
18842,2.36226
18843,8.025584
18844,4.1337914
18845,0.08045586
18846,1.7122469
18847,1.9030088
18848,1.5354531
18849,0.3863175
18850,0.79832363
18851,1.088947
18852,1.7801309
18853,2.7508698
18854,-0.20438777
18855,2.461193
18856,0.12003015
18857,2.771034
18858,1.4566046
18859,0.33727136
18860,2.624027
18861,2.0444236
18862,2.8330834
18863,2.7820263
18864,2.3697472
18865,8.454304
18866,4.9646106
18867,5.4512043
18868,4.273599
18869,2.6278627
18870,5.914587
18871,5.78073
18872,7.5560737
18873,9.433998
18874,6.384703
18875,3.1638432
18876,3.9472537
18877,6.5393763
18878,4.8313646
18879,6.4723454
18880,7.2477183
18881,4.1663823
18882,4.4656425
18883,2.3524857
18884,4.4859247
18885,6.5995274
18886,6.990504
18887,2.8259568
18888,7.256723
18889,2.167368
18890,2.4855437
18891,7.4594116
18892,5.060682
18893,5.5001106
18894,2.8265345
18895,1.4666942
18896,5.9779153
18897,4.907031
18898,2.8009686
18899,-0.5224987
18900,4.6000757
18901,1.7131975
18902,3.5696657
18903,2.9454024
18904,2.8216221
18905,1.8497351
18906,1.8461204
18907,1.6240838
18908,0.9781838
18909,1.5385761
18910,2.862547
18911,3.053149
18912,4.786121
18913,0.76083434
18914,0.49823785
18915,1.4507401
18916,3.6844928
18917,6.9769473
18918,5.439942
18919,3.3805919
18920,8.239958
18921,5.106172
18922,4.179365
18923,7.6070747
18924,3.2145255
18925,4.46124
18926,4.4488974
18927,3.6767304
18928,5.523248
18929,1.6276419
18930,3.332082
18931,3.2456875
18932,4.099271
18933,4.4787674
18934,3.5105379
18935,6.458662
18936,7.2875924
18937,3.556932
18938,7.055296
18939,3.1058972
18940,1.9632452
18941,3.346628
18942,3.3601587
18943,4.906007
18944,2.4761438
18945,2.8911211
18946,0.9565394
18947,3.1753976
18948,8.216621
18949,3.171802
18950,1.8338802
18951,6.513295
18952,6.053917
18953,4.594494
18954,4.8418465
18955,8.313393
18956,6.37616
18957,3.8145473
18958,6.3401136
18959,3.0572057
18960,5.0048575
18961,4.0167985
18962,2.6311567
18963,4.382106
18964,2.5417278
18965,2.9474452
18966,5.0715895
18967,4.625703
18968,6.3608828
18969,2.334902
18970,0.6376663
18971,5.7226253
18972,4.1325946
18973,7.45523
18974,6.586089
18975,5.3892803
18976,4.708888
18977,3.6491203
18978,4.9989877
18979,2.8800066
18980,4.6326284
18981,4.634281
18982,5.097535
18983,3.9616737
18984,3.1158063
18985,6.5759134
18986,5.937095
18987,2.6366189
18988,5.876123
18989,8.321136
18990,3.864359
18991,1.9303814
18992,0.9614683
18993,5.2741013
18994,5.2892623
18995,3.824871
18996,5.522464
18997,5.0738277
18998,4.159665
18999,4.547702
19000,5.3210144
19001,0.17899017
19002,1.2834668
19003,6.6429415
19004,2.019458
19005,1.9372978
19006,5.8357077
19007,2.8486922
19008,-0.26630533
19009,8.185045
19010,5.329584
19011,5.428726
19012,6.022684
19013,3.1426995
19014,3.971697
19015,2.2278767
19016,7.1007304
19017,5.6114454
19018,4.397549
19019,5.253969
19020,2.55856
19021,2.2874587
19022,8.699931
19023,1.3393555
19024,6.953069
19025,4.798382
19026,3.9710996
19027,3.78486
19028,2.9115927
19029,5.201575
19030,6.89089
19031,1.9021399
19032,3.7926369
19033,5.607568
19034,2.9916708
19035,2.658124
19036,1.4463496
19037,0.9380382
19038,2.558655
19039,4.203246
19040,3.5160933
19041,2.9400046
19042,2.9118702
19043,1.7764523
19044,4.08616
19045,6.09947
19046,0.82876843
19047,6.185992
19048,1.1672843
19049,4.398511
19050,2.259771
19051,3.30897
19052,1.6149256
19053,2.4895432
19054,3.0130558
19055,0.16976035
19056,0.7455103
19057,5.294418
19058,6.728536
19059,7.118343
19060,4.3574314
19061,4.805496
19062,6.063854
19063,7.180678
19064,8.91917
19065,3.8620427
19066,4.363139
19067,3.7443535
19068,3.0757546
19069,3.5215604
19070,3.3802652
19071,3.4729757
19072,6.9581056
19073,3.0273087
19074,1.2759898
19075,9.131529
19076,6.469643
19077,2.685076
19078,-0.07239616
19079,2.585481
19080,2.3588598
19081,1.1792052
19082,3.3158805
19083,5.6149898
19084,4.7543755
19085,2.520303
19086,1.901254
19087,-0.27340788
19088,3.8079174
19089,1.1020806
19090,2.4221904
19091,3.7299783
19092,1.8443838
19093,0.47850865
19094,2.2650514
19095,1.3172431
19096,1.6400938
19097,-0.39725274
19098,3.140897
19099,4.671881
19100,3.7994518
19101,5.6954956
19102,2.1977804
19103,3.3730311
19104,4.1218143
19105,1.839012
19106,4.3367333
19107,5.8248453
19108,1.1117781
19109,2.7575681
19110,4.515202
19111,2.1344411
19112,1.7185271
19113,1.3933241
19114,2.3650265
19115,0.77067655
19116,1.3506066
19117,0.44662786
19118,4.611796
19119,2.2117877
19120,1.6631154
19121,1.6170094
19122,0.76391286
19123,0.90648556
19124,4.4779663
19125,7.127445
19126,4.457285
19127,1.5751779
19128,0.43437392
19129,2.7357833
19130,4.0389485
19131,2.398434
19132,0.64277685
19133,3.881689
19134,4.146872
19135,4.9521656
19136,5.9825206
19137,2.6353557
19138,1.1968685
19139,0.9107787
19140,3.082815
19141,4.3000827
19142,5.2063184
19143,5.358653
19144,0.6169291
19145,7.8612723
19146,3.648422
19147,3.3368127
19148,5.768205
19149,3.814057
19150,7.0516295
19151,7.4883265
19152,1.5251758
19153,3.2175965
19154,6.350155
19155,6.2197847
19156,7.364733
19157,5.297496
19158,4.0757475
19159,7.4713225
19160,7.129029
19161,7.335932
19162,8.988725
19163,4.0112123
19164,2.117956
19165,2.0987453
19166,4.8264575
19167,0.9425135
19168,2.407784
19169,1.9262652
19170,6.414281
19171,2.3017316
19172,3.3972645
19173,5.5075693
19174,5.8935075
19175,0.97274786
19176,7.8839817
19177,7.1370325
19178,1.6142708
19179,3.3481996
19180,6.158267
19181,3.7662272
19182,5.685648
19183,7.7456927
19184,2.1515229
19185,3.958268
19186,6.37063
19187,7.1719384
19188,8.751634
19189,5.8031187
19190,6.102799
19191,3.8260458
19192,3.5216756
19193,-1.6394975
19194,5.0165205
19195,6.4600325
19196,3.7873297
19197,5.3141255
19198,5.5667377
19199,7.693589
19200,6.0676703
19201,5.681783
19202,7.630303
19203,3.9268007
19204,3.4450316
19205,7.125246
19206,2.0437636
19207,2.0062563
19208,0.5943428
19209,2.4359896
19210,1.1101363
19211,3.7642276
19212,0.24945296
19213,4.438108
19214,4.915896
19215,0.8928315
19216,2.4907622
19217,8.918637
19218,4.289105
19219,6.7672715
19220,2.549936
19221,3.7152133
19222,7.033891
19223,2.644941
19224,9.019567
19225,9.187494
19226,6.304412
19227,5.689866
19228,1.6501002
19229,5.813529
19230,3.6608407
19231,1.9884158
19232,5.723479
19233,7.6699686
19234,4.103069
19235,0.5817187
19236,3.5615244
19237,2.8926797
19238,3.29642
19239,4.7361283
19240,4.8109674
19241,4.338409
19242,3.707699
19243,8.7687
19244,2.1851127
19245,2.0306966
19246,4.842216
19247,4.6023273
19248,3.2055044
19249,5.818095
19250,5.522971
19251,-0.513108
19252,1.1840694
19253,7.468233
19254,2.038437
19255,7.990283
19256,3.6435578
19257,0.11578139
19258,2.9319997
19259,9.166192
19260,7.4987264
19261,4.5289254
19262,6.5408926
19263,0.29702437
19264,5.5438976
19265,7.4336476
19266,-0.24003962
19267,4.016487
19268,6.6777096
19269,3.4212441
19270,4.8980403
19271,4.204421
19272,3.7974768
19273,5.9953675
19274,6.0234985
19275,5.6245975
19276,4.8029885
19277,5.4683623
19278,2.2190397
19279,5.1588874
19280,4.0174193
19281,4.578287
19282,3.8695157
19283,5.2833347
19284,8.17844
19285,5.622464
19286,8.453832
19287,4.9774384
19288,5.6638565
19289,4.9258375
19290,3.3286743
19291,6.227785
19292,8.89579
19293,4.1240344
19294,3.9113047
19295,3.5467207
19296,2.1480587
19297,2.4632404
19298,2.5760126
19299,5.9871297
19300,5.9752364
19301,1.5100807
19302,4.4797225
19303,5.6561103
19304,7.5503907
19305,4.5979667
19306,5.734299
19307,0.58836937
19308,4.7173834
19309,6.8325715
19310,3.3665519
19311,1.0750381
19312,2.7654345
19313,8.125298
19314,6.0312
19315,4.0596104
19316,5.299067
19317,2.95517
19318,2.9469535
19319,3.53106
19320,3.3912303
19321,3.9229846
19322,7.453402
19323,3.890333
19324,5.5123334
19325,2.737559
19326,4.1712832
19327,7.663745
19328,6.0869994
19329,3.463736
19330,4.272914
19331,3.774651
19332,2.8037925
19333,5.697147
19334,6.0062265
19335,4.686703
19336,0.58669525
19337,4.643755
19338,8.34078
19339,3.9731624
19340,6.338824
19341,6.7929764
19342,4.2718806
19343,3.017507
19344,1.3877133
19345,1.3776476
19346,3.4160204
19347,4.454782
19348,6.4174905
19349,3.1511471
19350,1.056159
19351,5.2593307
19352,4.478562
19353,3.3660243
19354,7.323265
19355,5.975753
19356,7.7705035
19357,1.8984526
19358,4.205808
19359,7.020891
19360,5.7288547
19361,1.2016371
19362,4.9496584
19363,6.3410296
19364,7.1806326
19365,8.158891
19366,3.6518512
19367,3.2185695
19368,2.462084
19369,6.162791
19370,4.28454
19371,4.381993
19372,5.744183
19373,2.942096
19374,4.5065675
19375,3.4578333
19376,4.6067495
19377,7.1349807
19378,0.00995389
19379,7.2882757
19380,5.0482492
19381,7.89601
19382,3.4077635
19383,4.0430036
19384,1.8803424
19385,7.602836
19386,5.452544
19387,6.621429
19388,4.4867525
19389,5.6762905
19390,4.367178
19391,5.5763717
19392,5.4915423
19393,6.733569
19394,2.0126803
19395,6.383465
19396,2.4240873
19397,5.1038322
19398,4.7634816
19399,4.205192
19400,3.3799536
19401,4.748897
19402,5.1331143
19403,5.866352
19404,1.1381785
19405,2.834895
19406,3.8470185
19407,4.6613355
19408,3.759424
19409,4.7945967
19410,4.6991124
19411,6.9046164
19412,3.7914007
19413,5.3563433
19414,3.5018206
19415,3.4965434
19416,2.6894274
19417,5.8789907
19418,8.386051
19419,5.3925743
19420,7.0181217
19421,3.1244555
19422,5.960728
19423,3.0065644
19424,4.945102
19425,2.3897934
19426,1.4554642
19427,5.109491
19428,4.9033275
19429,6.42185
19430,5.744221
19431,4.4106464
19432,2.1542182
19433,5.868159
19434,3.750534
19435,4.015257
19436,3.3641546
19437,1.3597796
19438,0.67451817
19439,7.461777
19440,2.6557379
19441,5.5045686
19442,2.1674287
19443,2.990808
19444,3.150224
19445,1.4687953
19446,5.0541987
19447,6.6051784
19448,6.517288
19449,5.055545
19450,5.6887035
19451,0.58923006
19452,4.600875
19453,2.643628
19454,2.3355618
19455,3.4619656
19456,3.4169111
19457,3.4415228
19458,3.995499
19459,2.8929677
19460,4.452573
19461,8.091605
19462,6.338091
19463,3.433061
19464,6.9721174
19465,7.401757
19466,3.0787804
19467,5.570281
19468,2.0788903
19469,5.3880396
19470,3.1243174
19471,8.251698
19472,3.9333076
19473,5.0725427
19474,6.5907264
19475,7.221588
19476,3.5256066
19477,2.729443
19478,4.5229926
19479,4.76787
19480,2.9092255
19481,3.2628386
19482,2.7723074
19483,8.4731245
19484,7.7074933
19485,4.485349
19486,8.225176
19487,2.839866
19488,4.4261847
19489,4.8700604
19490,6.9300017
19491,3.7774334
19492,5.9126544
19493,8.554033
19494,5.721281
19495,5.2422757
19496,4.774999
19497,5.470856
19498,9.000029
19499,3.2197568
19500,4.03174
19501,6.7530465
19502,0.87597036
19503,2.0712142
19504,3.6479504
19505,3.5383012
19506,6.369921
19507,3.9311788
19508,1.1080918
19509,0.48156244
19510,6.296366
19511,6.965385
19512,6.567813
19513,6.654603
19514,3.3162851
19515,4.8845615
19516,7.0615993
19517,3.7741063
19518,5.9909616
19519,7.0475802
19520,8.388806
19521,4.930596
19522,5.4819818
19523,6.1484523
19524,4.5867796
19525,3.6808527
19526,8.348081
19527,7.719208
19528,6.3881607
19529,5.0672235
19530,4.4754677
19531,5.351164
19532,5.6820526
19533,3.5536706
19534,10.338656
19535,2.710333
19536,1.5179322
19537,4.729118
19538,2.4787774
19539,6.6564803
19540,4.2547426
19541,3.675184
19542,2.6973631
19543,1.2189947
19544,6.6587825
19545,3.142841
19546,4.0789514
19547,2.4640777
19548,5.7311673
19549,8.016092
19550,5.6703286
19551,0.8499307
19552,2.373442
19553,5.315658
19554,4.8247375
19555,5.7682095
19556,5.0037656
19557,4.879056
19558,2.4599333
19559,5.7156963
19560,6.1266093
19561,5.7594037
19562,2.6368153
19563,4.225254
19564,4.6848936
19565,4.2506022
19566,8.893373
19567,3.2458415
19568,3.7969408
19569,4.3503723
19570,5.4613466
19571,6.253642
19572,3.4841728
19573,8.09343
19574,5.730517
19575,6.6880064
19576,6.8868012
19577,2.9273772
19578,2.4598022
19579,2.486033
19580,5.8779507
19581,4.1234293
19582,8.20354
19583,5.737604
19584,3.066573
19585,5.3366103
19586,2.4990306
19587,8.575429
19588,7.0829577
19589,4.340965
19590,7.2547784
19591,6.5585966
19592,3.171428
19593,5.697495
19594,5.2040935
19595,5.9982347
19596,1.7747401
19597,-0.5616356
19598,3.7996058
19599,5.6232824
19600,3.3837276
19601,8.843814
19602,0.52595764
19603,8.820557
19604,5.2558475
19605,7.3411436
19606,5.8646913
19607,7.4315004
19608,9.102152
19609,6.3747663
19610,7.1966715
19611,2.2652762
19612,8.2265215
19613,5.107195
19614,3.194682
19615,1.9227622
19616,5.1100283
19617,7.725226
19618,6.2393427
19619,7.1515923
19620,5.0192995
19621,3.9652631
19622,3.3128989
19623,-0.070368834
19624,6.8401833
19625,4.317825
19626,5.5485377
19627,5.4634523
19628,4.338426
19629,3.9645545
19630,3.1291077
19631,4.511131
19632,6.20919
19633,3.12985
19634,5.151049
19635,5.271195
19636,7.217378
19637,7.7286344
19638,8.630317
19639,7.5952916
19640,2.999144
19641,3.3033643
19642,7.114657
19643,5.688993
19644,6.8935165
19645,7.7089276
19646,7.4935145
19647,4.8459816
19648,6.4268904
19649,2.9624205
19650,5.5032
19651,6.15629
19652,3.6636837
19653,4.3422832
19654,7.0318837
19655,7.639587
19656,6.0809755
19657,4.6104107
19658,4.718965
19659,0.41029483
19660,3.5902002
19661,6.379306
19662,7.804178
19663,6.8129096
19664,4.5615897
19665,7.691947
19666,1.257323
19667,6.2461343
19668,5.845128
19669,3.015325
19670,3.9148092
19671,7.3032312
19672,3.1841154
19673,5.519132
19674,8.786551
19675,5.468728
19676,8.279417
19677,7.3550563
19678,2.1898997
19679,0.72179335
19680,6.417068
19681,3.0728326
19682,5.0738688
19683,7.092881
19684,8.0532875
19685,1.2188269
19686,3.618679
19687,5.7756863
19688,2.1784613
19689,5.853097
19690,7.9759974
19691,5.2936926
19692,3.0664666
19693,8.576844
19694,-0.36371177
19695,6.32483
19696,4.5851245
19697,1.3649089
19698,4.909174
19699,7.248352
19700,4.177164
19701,2.8021574
19702,2.451406
19703,7.2412744
19704,7.062576
19705,5.2438912
19706,8.043694
19707,6.3993196
19708,4.9643803
19709,4.226684
19710,4.437941
19711,10.0213995
19712,6.4951653
19713,5.1373844
19714,6.5666285
19715,5.8721495
19716,2.5904543
19717,2.6453464
19718,0.8189789
19719,2.5458298
19720,8.290083
19721,8.167836
19722,3.2199507
19723,0.7304946
19724,8.502693
19725,5.409326
19726,3.5594306
19727,2.7859023
19728,5.376731
19729,3.7009592
19730,3.6202552
19731,4.906055
19732,4.995025
19733,4.314857
19734,2.3563862
19735,3.4089615
19736,0.8825103
19737,8.205924
19738,2.460481
19739,6.981638
19740,6.0348086
19741,5.013844
19742,7.6016364
19743,0.0021797777
19744,5.6074433
19745,2.6282396
19746,7.269683
19747,6.1429796
19748,4.917451
19749,4.568887
19750,7.0708747
19751,6.1281033
19752,5.61714
19753,4.588895
19754,1.3661358
19755,7.3549457
19756,4.4061923
19757,4.5701046
19758,3.3872209
19759,3.8892553
19760,3.636647
19761,0.80256027
19762,4.9523864
19763,5.71388
19764,5.0852046
19765,5.2709694
19766,5.8424225
19767,6.210843
19768,1.5132564
19769,5.248845
19770,5.442217
19771,5.1228023
19772,3.7961977
19773,8.728582
19774,2.3516002
19775,5.762933
19776,1.5498817
19777,6.513882
19778,1.0192132
19779,2.5284114
19780,6.331347
19781,3.9850013
19782,8.507706
19783,1.4203408
19784,4.722556
19785,3.9085693
19786,5.7521186
19787,6.139126
19788,3.8612652
19789,6.71327
19790,2.083218
19791,9.375201
19792,3.7936964
19793,8.0614805
19794,4.4977384
19795,5.911756
19796,6.696666
19797,4.5348024
19798,5.6979465
19799,10.883399
19800,5.786013
19801,8.079695
19802,1.5170033
19803,6.7253537
19804,1.2972602
19805,0.79421383
19806,4.012639
19807,3.2182748
19808,8.26893
19809,4.1013045
19810,1.6686301
19811,2.2626584
19812,5.584186
19813,7.190455
19814,5.2036347
19815,5.04975
19816,6.423665
19817,3.7692327
19818,2.6142066
19819,4.390719
19820,2.823415
19821,2.9378824
19822,3.1257002
19823,5.7035313
19824,6.839461
19825,7.8263793
19826,4.1250715
19827,2.4853804
19828,4.784989
19829,2.784468
19830,5.6093464
19831,4.5178275
19832,3.7485127
19833,2.0977612
19834,3.8382719
19835,2.4153132
19836,2.1901076
19837,7.404685
19838,6.3623834
19839,3.6580203
19840,0.470209
19841,3.1942832
19842,3.043834
19843,2.7116272
19844,4.745162
19845,6.185351
19846,3.1460025
19847,4.513428
19848,7.9344115
19849,6.7326856
19850,6.750021
19851,7.331511
19852,0.817881
19853,3.1499312
19854,3.8858225
19855,4.6606717
19856,4.147707
19857,5.442864
19858,1.0579058
19859,7.7093496
19860,4.456378
19861,1.6447877
19862,0.039281618
19863,5.8538437
19864,9.101866
19865,8.586248
19866,8.138851
19867,5.3417487
19868,4.4658246
19869,4.001619
19870,3.395573
19871,1.5621793
19872,3.0419662
19873,4.4426045
19874,8.767168
19875,8.964213
19876,2.1982813
19877,7.297556
19878,5.0275598
19879,8.193164
19880,7.0628853
19881,7.834575
19882,3.430422
19883,6.397395
19884,0.74788785
19885,3.1075423
19886,2.8895621
19887,-0.17568856
19888,1.8021637
19889,4.649082
19890,5.4625607
19891,3.3933456
19892,5.7356954
19893,5.103762
19894,3.4836295
19895,6.098783
19896,4.06473
19897,3.2350245
19898,2.7536943
19899,4.5704355
19900,3.594702
19901,3.048827
19902,3.7096407
19903,4.9251394
19904,4.634002
19905,3.539783
19906,6.720263
19907,9.551736
19908,2.4752629
19909,2.2708616
19910,0.60292476
19911,-0.02684609
19912,4.5472484
19913,5.791026
19914,9.865711
19915,-0.032836575
19916,6.314348
19917,2.8787692
19918,8.222639
19919,2.185936
19920,6.0151916
19921,5.0295067
19922,4.4705877
19923,5.014683
19924,5.2139
19925,3.0151856
19926,5.694914
19927,2.461331
19928,2.0923724
19929,6.7899694
19930,6.7392087
19931,0.5385046
19932,5.767263
19933,2.2299342
19934,5.3787265
19935,5.3065476
19936,4.222633
19937,2.6556985
19938,4.7981043
19939,8.458694
19940,2.5177114
19941,2.8445592
19942,2.0826554
19943,5.981911
19944,7.077165
19945,2.0882373
19946,5.5898166
19947,4.5063386
19948,1.290604
19949,4.462799
19950,4.121453
19951,1.6972847
19952,4.3659024
19953,6.9771433
19954,2.342376
19955,1.7971913
19956,3.9433115
19957,7.1528687
19958,1.563733
19959,7.0283556
19960,7.8807755
19961,7.164878
19962,3.043036
19963,7.7444925
19964,3.7746904
19965,7.341243
19966,0.37806568
19967,3.762051
19968,2.0323496
19969,5.748002
19970,3.4618716
19971,4.7975473
19972,7.8113017
19973,3.6845999
19974,2.9032702
19975,6.711822
19976,4.5794272
19977,3.098176
19978,9.440185
19979,2.337868
19980,3.323174
19981,4.557684
19982,7.587306
19983,6.502058
19984,9.820409
19985,5.46698
19986,2.771267
19987,5.844032
19988,5.323213
19989,1.7442572
19990,-0.13617551
19991,3.9852357
19992,8.5703745
19993,5.095128
19994,5.3422403
19995,2.3577955
19996,5.1837053
19997,7.641449
19998,4.1703186
19999,0.08813883
20000,7.782981
20001,9.582639
20002,7.590136
20003,4.8409095
20004,4.1143527
20005,8.471157
20006,1.9722105
20007,6.939893
20008,5.0459433
20009,-0.10846
20010,1.3078375
20011,3.3481684
20012,6.9361525
20013,5.3714714
20014,1.3597443
20015,3.9953353
20016,5.6046867
20017,7.300858
20018,4.703501
20019,6.1459045
20020,2.7154105
20021,4.087614
20022,3.524764
20023,6.8633575
20024,3.3182619
20025,-0.3619715
20026,5.870451
20027,3.0839136
20028,4.4707675
20029,-0.5696658
20030,3.4676135
20031,2.967389
20032,5.394455
20033,6.6158085
20034,0.79568166
20035,2.892303
20036,3.8555634
20037,3.007718
20038,0.33664635
20039,3.9290154
20040,4.4917874
20041,4.492739
20042,4.5372233
20043,1.7852452
20044,4.2981935
20045,-0.77983505
20046,4.2529902
20047,6.7107134
20048,3.271864
20049,2.7569432
20050,7.6016135
20051,6.4389086
20052,4.261202
20053,2.0699303
20054,5.4884806
20055,3.156299
20056,5.3972945
20057,7.548541
20058,7.1395583
20059,7.2563996
20060,2.303721
20061,4.0141335
20062,3.477828
20063,4.0741305
20064,5.261016
20065,6.8805327
20066,0.88841325
20067,7.868501
20068,5.513121
20069,5.302386
20070,7.3211403
20071,5.822409
20072,3.5223243
20073,5.7131977
20074,1.2913032
20075,7.312789
20076,4.4744067
20077,1.8632946
20078,1.7654592
20079,3.37439
20080,6.860218
20081,3.103202
20082,0.73810554
20083,3.9143019
20084,7.7463155
20085,4.2980676
20086,3.895216
20087,1.6117687
20088,4.5946236
20089,5.593665
20090,7.979906
20091,5.2468767
20092,5.76795
20093,4.651494
20094,8.22163
20095,0.4824025
20096,3.8701258
20097,5.2743115
20098,5.66476
20099,3.930194
20100,6.237936
20101,7.6411905
20102,3.2250156
20103,4.296475
20104,5.440117
20105,4.6919475
20106,2.6957078
20107,3.8854625
20108,6.1901317
20109,6.0044556
20110,3.2211714
20111,5.538322
20112,7.2234893
20113,7.3355093
20114,6.401052
20115,4.3349323
20116,2.7917178
20117,3.1644733
20118,3.3765688
20119,5.585877
20120,8.342957
20121,5.650161
20122,7.372345
20123,5.4236045
20124,5.12107
20125,3.9388812
20126,4.172093
20127,4.2822638
20128,5.268186
20129,2.7866957
20130,3.8637624
20131,3.2146642
20132,3.5775597
20133,1.5260535
20134,6.4665694
20135,0.8019536
20136,3.7829223
20137,7.1635756
20138,4.47389
20139,4.5294046
20140,4.1775584
20141,5.1977596
20142,2.7190223
20143,6.393993
20144,4.412313
20145,3.1405997
20146,5.171173
20147,2.6037662
20148,2.3011413
20149,4.257275
20150,8.30158
20151,4.1349196
20152,4.180691
20153,4.1922917
20154,4.206629
20155,5.783409
20156,3.7139578
20157,3.1836462
20158,4.319242
20159,4.2232895
20160,3.824343
20161,5.2933555
20162,2.3834465
20163,3.4260786
20164,6.689864
20165,5.2140217
20166,7.7180657
20167,5.377649
20168,3.8079422
20169,3.5785758
20170,6.012312
20171,7.000835
20172,2.411622
20173,3.5392458
20174,2.3228073
20175,5.97842
20176,6.8824186
20177,6.609063
20178,1.6080016
20179,4.5443583
20180,8.262106
20181,7.8032207
20182,2.800649
20183,3.231042
20184,3.2342656
20185,5.1589437
20186,7.7368736
20187,0.8187443
20188,8.593717
20189,7.4139314
20190,4.3192196
20191,5.5036287
20192,2.0323503
20193,4.3254123
20194,3.5113928
20195,2.4089272
20196,-0.1050784
20197,6.9754725
20198,4.0845723
20199,4.6545463
20200,1.6663628
20201,2.9982972
20202,7.711165
20203,3.0365715
20204,5.9237237
20205,7.0369115
20206,5.432817
20207,3.2896397
20208,4.1754603
20209,8.586636
20210,8.563696
20211,3.0745304
20212,3.9209347
20213,4.157638
20214,2.8670306
20215,7.2246633
20216,2.434877
20217,3.8812263
20218,7.311671
20219,3.6040392
20220,3.5916822
20221,7.2069354
20222,4.790621
20223,7.574849
20224,2.9108522
20225,4.506536
20226,1.9097911
20227,9.717851
20228,4.6013055
20229,2.3984594
20230,3.4229977
20231,6.0728273
20232,4.405405
20233,4.635163
20234,6.8020225
20235,6.5717435
20236,4.1679854
20237,1.2656959
20238,3.5478985
20239,4.923353
20240,1.630229
20241,7.7264423
20242,6.3360677
20243,7.811205
20244,6.9614024
20245,3.8356864
20246,3.9469476
20247,7.782657
20248,3.501596
20249,6.9568443
20250,4.5585423
20251,0.70248336
20252,6.7639165
20253,4.2384944
20254,6.6595087
20255,-0.3500097
20256,6.3778815
20257,8.191254
20258,5.193205
20259,0.55705667
20260,6.9977803
20261,2.1026692
20262,8.40375
20263,2.8889878
20264,8.082927
20265,4.921236
20266,8.09158
20267,5.3378453
20268,3.8502047
20269,3.6337981
20270,0.973066
20271,6.8537765
20272,7.1165824
20273,7.3367543
20274,2.046181
20275,7.152744
20276,4.422408
20277,4.9174757
20278,7.104912
20279,0.8271493
20280,8.640093
20281,5.3736835
20282,2.2538338
20283,6.377709
20284,3.740355
20285,8.748316
20286,5.811804
20287,3.9322932
20288,0.008855796
20289,3.4828382
20290,3.597942
20291,8.87198
20292,1.2657228
20293,2.257908
20294,4.9007163
20295,6.883214
20296,2.0583196
20297,4.0139136
20298,9.937378
20299,7.03368
20300,-0.43516546
20301,9.765306
20302,6.550517
20303,2.2012258
20304,4.8960714
20305,3.653993
20306,2.202703
20307,0.75846225
20308,5.72978
20309,1.3543198
20310,2.5919473
20311,3.7914503
20312,6.273657
20313,3.143537
20314,3.6640189
20315,-0.2902207
20316,0.5919358
20317,2.2799287
20318,4.9392033
20319,8.954572
20320,2.5729258
20321,7.335938
20322,2.669051
20323,2.3506029
20324,1.4797956
20325,7.741025
20326,4.5700746
20327,4.297965
20328,5.952444
20329,1.8792067
20330,2.838575
20331,2.740461
20332,3.8784127
20333,8.235876
20334,6.368098
20335,2.8207598
20336,8.182722
20337,4.148113
20338,5.476036
20339,5.380672
20340,3.3862038
20341,7.4889703
20342,3.9722095
20343,9.32454
20344,3.8727543
20345,4.5277348
20346,4.56553
20347,6.4353647
20348,8.642893
20349,2.7040129
20350,2.598505
20351,8.251435
20352,6.097731
20353,6.3162847
20354,3.1720195
20355,4.732031
20356,3.076621
20357,8.2178
20358,5.200352
20359,4.738256
20360,4.2884235
20361,3.6484723
20362,8.170833
20363,4.4109063
20364,5.417005
20365,2.297002
20366,1.8218458
20367,4.891657
20368,4.197072
20369,3.5339801
20370,5.969147
20371,4.9839296
20372,1.9033546
20373,6.355053
20374,3.3677304
20375,5.1021094
20376,4.323551
20377,5.537421
20378,3.8160872
20379,3.9067447
20380,8.481467
20381,2.3352149
20382,6.363413
20383,7.02874
20384,8.328313
20385,9.245389
20386,9.451721
20387,4.3128037
20388,5.6256843
20389,2.4279835
20390,3.4856741
20391,5.6469994
20392,1.7191865
20393,4.6168556
20394,6.006882
20395,4.0462985
20396,2.78851
20397,5.192745
20398,4.79449
20399,8.769106
20400,5.8520637
20401,2.5933285
20402,1.2393676
20403,4.998046
20404,-0.26995367
20405,7.4803224
20406,7.639017
20407,6.414994
20408,6.7533107
20409,5.9967856
20410,4.2594986
20411,3.2469769
20412,2.2660875
20413,2.6802719
20414,3.3157494
20415,7.6714973
20416,4.2292485
20417,6.7094507
20418,5.443974
20419,5.8111434
20420,2.2810905
20421,5.167679
20422,8.2520275
20423,3.065247
20424,9.139157
20425,8.474328
20426,5.6961536
20427,8.378979
20428,4.797093
20429,1.4524646
20430,4.2674503
20431,1.5230873
20432,3.4964106
20433,2.883342
20434,4.9291487
20435,7.245318
20436,6.3574905
20437,6.4242306
20438,0.5750505
20439,1.7682043
20440,7.152333
20441,1.3435221
20442,-0.09474396
20443,2.0440652
20444,6.6424503
20445,1.482079
20446,0.9267373
20447,5.8827515
20448,1.6830484
20449,3.1519384
20450,4.78933
20451,3.8710794
20452,4.4848437
20453,3.2500193
20454,5.067181
20455,0.6919227
20456,2.554442
20457,6.6048512
20458,3.636763
20459,0.24293658
20460,4.6238213
20461,4.3679876
20462,7.4308934
20463,7.402616
20464,3.0819125
20465,9.022201
20466,1.4855587
20467,6.801213
20468,4.0191092
20469,6.7599583
20470,5.0213275
20471,6.914341
20472,6.6430497
20473,8.447843
20474,4.8946056
20475,8.698395
20476,7.2435627
20477,5.438881
20478,3.7217877
20479,3.7550678
20480,4.5607862
20481,6.09656
20482,0.15486006
20483,7.2829194
20484,6.3735585
20485,3.3193617
20486,3.4277132
20487,3.2332711
20488,2.7388601
20489,1.0716043
20490,1.896086
20491,3.157959
20492,3.8210492
20493,3.7739863
20494,2.5326805
20495,1.9589511
20496,7.9785156
20497,4.0758204
20498,6.9012628
20499,7.1961045
20500,5.4786234
20501,5.3303223
20502,4.772908
20503,3.559331
20504,5.86914
20505,6.4414024
20506,3.665222
20507,4.0938334
20508,2.8430226
20509,3.734772
20510,6.391062
20511,2.3319101
20512,7.2817245
20513,8.3139515
20514,2.253875
20515,5.744203
20516,3.1374962
20517,2.8798769
20518,6.195375
20519,3.9741845
20520,4.522435
20521,3.1419554
20522,4.402933
20523,5.8337197
20524,1.0168177
20525,2.9922018
20526,4.274963
20527,-0.43675664
20528,2.786927
20529,4.7844296
20530,4.1020923
20531,4.723394
20532,5.970553
20533,6.210777
20534,6.1707244
20535,1.5230467
20536,3.866463
20537,5.7013674
20538,7.2932787
20539,4.8054414
20540,9.104536
20541,7.178684
20542,4.397288
20543,7.4568553
20544,8.20019
20545,0.06237953
20546,6.675173
20547,4.6453624
20548,4.995508
20549,4.5485997
20550,4.6297297
20551,6.506803
20552,7.224031
20553,2.5554988
20554,7.416384
20555,8.361008
20556,5.4912224
20557,4.12997
20558,2.6206894
20559,4.517066
20560,7.184018
20561,4.316026
20562,5.1486998
20563,6.5295978
20564,4.55228
20565,5.1220565
20566,2.9217503
20567,4.1322017
20568,6.125852
20569,9.158863
20570,2.753452
20571,1.286175
20572,3.0570357
20573,5.9557343
20574,5.6649613
20575,5.736911
20576,6.5473733
20577,2.0789435
20578,3.9806437
20579,5.8821754
20580,2.180093
20581,5.680255
20582,2.7775095
20583,5.6947346
20584,4.204817
20585,4.11023
20586,9.333533
20587,5.0290413
20588,7.7051497
20589,4.994321
20590,3.9037645
20591,4.2427974
20592,3.8345478
20593,4.6056147
20594,2.0520716
20595,5.32305
20596,4.3885665
20597,8.2175865
20598,4.2764025
20599,7.4213734
20600,0.3190538
20601,3.899838
20602,3.1663105
20603,3.6653426
20604,3.2076554
20605,0.67395705
20606,3.6382017
20607,4.9927545
20608,4.433359
20609,6.0581164
20610,6.632278
20611,3.1704457
20612,4.3135543
20613,5.015259
20614,8.949062
20615,8.218478
20616,6.2074203
20617,7.7250648
20618,3.8903434
20619,2.3039746
20620,4.520146
20621,4.688402
20622,3.2699254
20623,3.4467616
20624,5.862305
20625,5.2223344
20626,0.7067165
20627,3.081534
20628,1.3261763
20629,8.239156
20630,8.001946
20631,5.4560113
20632,3.2115386
20633,6.3035417
20634,5.0722284
20635,4.2289386
20636,5.766373
20637,4.63396
20638,7.8370066
20639,7.6524634
20640,7.1180058
20641,4.6907907
20642,0.73395205
20643,5.566346
20644,1.7723438
20645,2.4488888
20646,2.3541791
20647,9.876156
20648,4.4550676
20649,6.886951
20650,3.879299
20651,8.782493
20652,7.251645
20653,5.0738707
20654,3.5587416
20655,6.2588167
20656,2.5693686
20657,1.9481928
20658,4.5695705
20659,6.567588
20660,3.1724718
20661,0.6789012
20662,7.7737722
20663,6.407119
20664,7.6393857
20665,5.3046036
20666,7.5601664
20667,2.9445229
20668,5.201238
20669,2.5175107
20670,4.7732944
20671,4.599901
20672,1.4412423
20673,6.3514547
20674,2.1672218
20675,2.0345259
20676,5.6976457
20677,7.965157
20678,-0.050697662
20679,0.86389196
20680,1.3379035
20681,2.0256574
20682,1.4879085
20683,2.0329738
20684,4.08796
20685,5.100429
20686,5.271476
20687,0.8315795
20688,5.9785023
20689,2.390164
20690,5.5624986
20691,2.914358
20692,0.5573614
20693,3.6402814
20694,4.6810627
20695,4.2654934
20696,3.2688308
20697,8.072486
20698,5.930205
20699,1.5818696
20700,6.5591626
20701,2.4745324
20702,7.4119935
20703,2.7966783
20704,4.3180585
20705,6.2701
20706,1.522183
20707,6.6612186
20708,5.9215307
20709,8.169616
20710,4.2312355
20711,3.2311208
20712,3.940638
20713,3.2838044
20714,5.7181287
20715,5.988203
20716,6.422636
20717,2.8289056
20718,7.3495593
20719,4.0054893
20720,6.3070464
20721,7.996171
20722,1.5305969
20723,6.6308174
20724,2.5827193
20725,2.2107754
20726,5.862757
20727,9.448435
20728,3.5597992
20729,4.115276
20730,6.6358814
20731,2.8329022
20732,2.6236951
20733,5.6575994
20734,0.9581174
20735,7.3963137
20736,6.8413
20737,5.1381607
20738,5.0768375
20739,2.9202378
20740,7.8909087
20741,3.7087133
20742,6.8123646
20743,6.295617
20744,2.4256413
20745,5.843902
20746,3.3482761
20747,4.382259
20748,3.0857172
20749,3.4686673
20750,5.4524846
20751,8.155649
20752,3.5742364
20753,4.91923
20754,6.3658
20755,3.9889848
20756,4.8712754
20757,6.086933
20758,5.9872365
20759,7.3958287
20760,3.6041868
20761,5.554348
20762,0.8607945
20763,3.6984851
20764,6.787822
20765,6.8778996
20766,4.1206017
20767,3.4400275
20768,6.3502665
20769,5.486654
20770,7.6725965
20771,9.911575
20772,2.0829554
20773,1.9950547
20774,4.2947636
20775,3.892906
20776,4.617865
20777,5.0181684
20778,7.397485
20779,3.3110502
20780,0.9475121
20781,2.8620827
20782,4.2635303
20783,7.5742555
20784,7.0087285
20785,8.012179
20786,5.5502024
20787,4.2806096
20788,6.783223
20789,4.725332
20790,4.6393104
20791,5.73503
20792,4.289359
20793,4.0577016
20794,7.27877
20795,8.525325
20796,7.600674
20797,5.4540815
20798,7.1069093
20799,0.890547
20800,3.7421725
20801,3.6515725
20802,5.3165274
20803,3.1313746
20804,3.787859
20805,5.726001
20806,2.697033
20807,8.439989
20808,4.3039966
20809,1.6779029
20810,4.7371693
20811,5.408184
20812,7.5796866
20813,6.3745875
20814,3.9153423
20815,2.4781904
20816,3.891436
20817,9.3155985
20818,5.9811707
20819,9.204839
20820,4.597234
20821,0.23329438
20822,4.1026864
20823,3.395163
20824,4.2468796
20825,2.6482768
20826,5.845062
20827,6.0169425
20828,5.935568
20829,2.451599
20830,4.0827556
20831,6.2654552
20832,4.513373
20833,7.2066994
20834,3.3784573
20835,7.45141
20836,4.108458
20837,5.487772
20838,1.7012868
20839,6.397618
20840,4.8494
20841,4.0885706
20842,4.534249
20843,7.297782
20844,4.4029074
20845,5.886882
20846,6.1118298
20847,3.1707249
20848,2.736316
20849,6.784295
20850,5.401887
20851,4.4587173
20852,5.290009
20853,5.2028093
20854,5.978663
20855,6.6391506
20856,1.1115718
20857,-0.11769858
20858,5.7581925
20859,6.259377
20860,6.6910386
20861,6.371885
20862,4.6102014
20863,8.509637
20864,6.984915
20865,4.9497237
20866,4.3873134
20867,6.372024
20868,5.885916
20869,6.5528564
20870,1.523335
20871,2.4788022
20872,4.4253078
20873,7.391902
20874,4.5084567
20875,3.813273
20876,2.137145
20877,2.5867963
20878,3.2403681
20879,2.8000317
20880,7.4653063
20881,3.711157
20882,5.2725754
20883,4.950704
20884,1.8245512
20885,6.6006727
20886,2.7556157
20887,1.0474663
20888,6.9442058
20889,4.3770003
20890,5.0823627
20891,2.8380146
20892,5.3811045
20893,2.8134108
20894,3.4470942
20895,9.7645235
20896,5.5263176
20897,3.8005264
20898,4.6835475
20899,4.0859933
20900,1.3694276
20901,5.465124
20902,2.7390041
20903,6.666186
20904,6.3859067
20905,5.965396
20906,5.049805
20907,8.2367115
20908,7.1755037
20909,3.3841898
20910,5.3550234
20911,6.1345353
20912,1.6803833
20913,2.0496686
20914,6.687719
20915,7.0265617
20916,7.163534
20917,4.6749005
20918,2.2393847
20919,4.739101
20920,9.125032
20921,1.4705385
20922,3.295224
20923,2.993185
20924,5.831795
20925,0.9001094
20926,8.328335
20927,7.868904
20928,6.302505
20929,5.12926
20930,3.8340797
20931,5.619621
20932,7.254066
20933,8.375095
20934,6.140408
20935,2.1709092
20936,4.6534038
20937,4.196253
20938,5.8665943
20939,9.269926
20940,3.3057358
20941,2.6089852
20942,7.017705
20943,4.316593
20944,7.4965014
20945,1.7119628
20946,5.6305075
20947,1.8955384
20948,4.5430684
20949,4.606072
20950,6.430908
20951,2.5084646
20952,2.3047533
20953,6.7581387
20954,7.04611
20955,7.0723305
20956,4.111282
20957,6.6395674
20958,2.0450034
20959,5.478305
20960,3.8844326
20961,5.600174
20962,4.561278
20963,6.381267
20964,4.7225256
20965,2.4072309
20966,7.8883476
20967,0.23182969
20968,1.0815362
20969,4.5076227
20970,3.0594573
20971,5.3166666
20972,3.8360271
20973,4.9372835
20974,1.2269295
20975,5.297776
20976,2.8375065
20977,2.2753108
20978,3.7823067
20979,5.9359517
20980,3.3284009
20981,4.7607884
20982,1.9345847
20983,5.9175515
20984,2.807427
20985,5.8643417
20986,1.8011017
20987,4.706158
20988,3.9068565
20989,3.2998767
20990,2.4604983
20991,4.3808556
20992,5.7095923
20993,8.764146
20994,3.640674
20995,7.1734123
20996,1.4766524
20997,6.2101707
20998,7.0299797
20999,2.7317615
21000,5.000088
21001,1.9286562
21002,6.125817
21003,8.050932
21004,4.740095
21005,5.878017
21006,6.3853006
21007,4.638155
21008,3.010165
21009,5.9753294
21010,2.8247392
21011,7.85171
21012,1.7225959
21013,8.624959
21014,5.6165123
21015,2.5760207
21016,8.085321
21017,5.916746
21018,6.168863
21019,4.3904605
21020,5.117415
21021,3.8491418
21022,6.8448257
21023,6.5929394
21024,3.5553782
21025,4.4536963
21026,8.191966
21027,5.4648204
21028,2.5421202
21029,5.4908237
21030,1.8428652
21031,4.8187876
21032,9.669633
21033,4.4336953
21034,4.3000093
21035,5.5901866
21036,2.100079
21037,1.0880175
21038,2.4509017
21039,3.50128
21040,2.384949
21041,6.3243537
21042,4.1853056
21043,1.5408883
21044,5.6895566
21045,5.726024
21046,1.5785444
21047,5.1441574
21048,1.4558674
21049,4.9443803
21050,2.8043737
21051,5.630844
21052,4.099164
21053,4.3741093
21054,1.3781993
21055,7.3765335
21056,2.9484754
21057,0.34926274
21058,4.4690847
21059,5.3647494
21060,3.8981533
21061,9.774156
21062,4.028569
21063,3.6443815
21064,7.81495
21065,4.9839945
21066,4.0777836
21067,3.948106
21068,1.5554531
21069,6.1103363
21070,1.5452967
21071,6.8452234
21072,3.3528473
21073,5.7137165
21074,3.0760875
21075,4.888094
21076,4.077806
21077,7.4298916
21078,5.469662
21079,7.3389025
21080,6.454774
21081,6.234365
21082,5.205697
21083,5.548827
21084,4.136716
21085,6.721468
21086,6.07532
21087,7.184056
21088,3.4946244
21089,6.7539887
21090,3.558043
21091,2.5804584
21092,8.513997
21093,5.6461945
21094,7.8887305
21095,3.2068422
21096,6.400745
21097,3.6287875
21098,4.9701357
21099,6.6881843
21100,6.29502
21101,1.5364937
21102,2.5933676
21103,7.2563357
21104,1.4848487
21105,6.9248705
21106,6.607114
21107,8.939818
21108,6.231166
21109,1.7777568
21110,0.3395205
21111,4.7304373
21112,0.5841636
21113,2.49583
21114,3.778548
21115,6.6112604
21116,5.8052115
21117,1.8556931
21118,3.5066602
21119,6.721598
21120,7.426577
21121,1.6890901
21122,6.869631
21123,3.9655304
21124,3.5003643
21125,7.227838
21126,3.404398
21127,-0.19288318
21128,3.8254046
21129,6.863052
21130,8.648639
21131,3.5884032
21132,7.389999
21133,4.810126
21134,1.5532172
21135,3.1175387
21136,0.8948046
21137,5.596068
21138,3.5490122
21139,8.090029
21140,6.000689
21141,4.305696
21142,2.8941214
21143,5.393039
21144,3.426763
21145,5.3377657
21146,8.411205
21147,2.6877732
21148,5.883803
21149,3.7718163
21150,5.845256
21151,5.213147
21152,-0.6048382
21153,5.2794
21154,4.1946263
21155,5.505865
21156,5.9430933
21157,3.84718
21158,5.4433703
21159,1.6466714
21160,2.481174
21161,5.72967
21162,7.875716
21163,1.0250773
21164,5.4970713
21165,4.1117034
21166,6.858054
21167,2.546574
21168,2.5644732
21169,3.9258025
21170,2.5249774
21171,6.404609
21172,2.6273527
21173,4.635163
21174,5.888342
21175,3.3541
21176,4.849444
21177,6.080382
21178,5.3261786
21179,5.395519
21180,4.490395
21181,2.3106031
21182,3.7567246
21183,5.1297507
21184,6.9144483
21185,2.6448596
21186,4.347655
21187,4.4622087
21188,2.903741
21189,6.8304
21190,7.0458198
21191,1.1288699
21192,6.2141075
21193,8.869393
21194,3.6046667
21195,5.4932
21196,2.6389325
21197,2.1956508
21198,9.226703
21199,5.898184
21200,4.0003147
21201,2.191542
21202,-0.015056485
21203,2.9556098
21204,7.0023513
21205,3.9712677
21206,2.8631656
21207,0.6920481
21208,8.566351
21209,5.5849442
21210,5.5490875
21211,1.0905756
21212,4.0414133
21213,7.9550114
21214,1.8484296
21215,5.6599073
21216,4.5933504
21217,4.9358954
21218,3.8576689
21219,4.554257
21220,4.443002
21221,2.2541542
21222,1.2981597
21223,6.6108847
21224,8.586197
21225,2.525332
21226,5.056806
21227,3.7426574
21228,6.3233743
21229,5.26786
21230,4.0286417
21231,4.4170547
21232,4.9397564
21233,2.3010433
21234,3.7929213
21235,4.2091618
21236,4.951137
21237,6.1771607
21238,1.4729491
21239,9.439717
21240,4.252723
21241,4.5569835
21242,3.8278522
21243,2.3821893
21244,4.663141
21245,2.1889067
21246,1.8770468
21247,5.34796
21248,2.961189
21249,1.573236
21250,0.2624832
21251,6.6594524
21252,6.0555186
21253,5.204979
21254,4.6542535
21255,3.4326446
21256,6.895884
21257,3.1231668
21258,6.2092
21259,3.9005291
21260,1.3046633
21261,6.544623
21262,6.488456
21263,4.375732
21264,2.7216184
21265,0.8752675
21266,4.553404
21267,6.054688
21268,2.5483055
21269,4.713392
21270,7.933575
21271,1.4577144
21272,2.6600392
21273,6.2624216
21274,0.49969995
21275,4.7491426
21276,4.9101024
21277,4.787156
21278,2.3835187
21279,0.4554765
21280,4.5890756
21281,9.697763
21282,6.5876794
21283,-1.4557015
21284,3.604705
21285,3.509789
21286,7.530449
21287,-1.6377615
21288,5.9589415
21289,3.1576238
21290,4.9521813
21291,4.9451904
21292,2.6619108
21293,2.4529784
21294,5.474547
21295,3.68423
21296,5.5724134
21297,1.7698108
21298,7.513791
21299,3.5317817
21300,9.945044
21301,5.380527
21302,5.0444617
21303,8.558759
21304,8.039605
21305,5.75506
21306,5.7933307
21307,5.234655
21308,2.7873924
21309,6.54773
21310,1.0121
21311,4.2204156
21312,8.628145
21313,1.5759293
21314,4.5724335
21315,1.8725743
21316,2.9295611
21317,7.2568755
21318,3.3692539
21319,3.5239413
21320,5.0616393
21321,8.699711
21322,3.9252553
21323,1.8807228
21324,7.0022955
21325,8.472678
21326,4.082306
21327,8.82094
21328,5.5302896
21329,3.2927918
21330,5.877782
21331,2.5109296
21332,10.306329
21333,6.7607336
21334,6.542571
21335,5.882751
21336,5.121158
21337,6.0459805
21338,2.7767553
21339,4.095719
21340,1.1244248
21341,4.98001
21342,4.8373046
21343,6.062913
21344,2.9535134
21345,7.7503815
21346,5.114504
21347,2.2737021
21348,2.873821
21349,1.1625177
21350,6.5586715
21351,4.282123
21352,5.293903
21353,7.245397
21354,6.013677
21355,2.0797997
21356,6.4371276
21357,7.4403214
21358,7.8055053
21359,6.6620135
21360,2.7090213
21361,5.6424637
21362,1.1316532
21363,5.3759284
21364,2.7613673
21365,3.5769525
21366,4.5405755
21367,1.0697961
21368,4.4039617
21369,5.773924
21370,3.8982038
21371,3.152423
21372,4.016752
21373,4.3237915
21374,3.593969
21375,4.3642592
21376,8.350648
21377,0.74031097
21378,2.9905477
21379,3.6390867
21380,2.517722
21381,9.245953
21382,4.153372
21383,4.5127416
21384,4.9338894
21385,4.9341903
21386,2.132597
21387,7.3700123
21388,3.6069624
21389,5.907127
21390,7.316169
21391,0.11375989
21392,9.075558
21393,7.61022
21394,6.3157907
21395,3.665224
21396,3.8738043
21397,7.90057
21398,6.680801
21399,2.582849
21400,0.69103307
21401,7.5212584
21402,4.197873
21403,8.735711
21404,0.9214571
21405,3.6108708
21406,6.4891953
21407,4.4556694
21408,1.6224365
21409,2.7523074
21410,3.8956378
21411,0.6166768
21412,4.7679806
21413,1.0687902
21414,8.418814
21415,6.412252
21416,6.354873
21417,4.1515465
21418,5.9328413
21419,3.462161
21420,3.8902638
21421,2.5988116
21422,4.3712573
21423,3.9472132
21424,3.9054344
21425,2.4590552
21426,2.3750515
21427,5.689122
21428,6.2659545
21429,4.7001367
21430,0.9206587
21431,4.742388
21432,6.4669414
21433,3.3367941
21434,-0.8192435
21435,1.6062936
21436,3.7204149
21437,2.9095652
21438,6.852837
21439,3.410046
21440,6.563763
21441,0.85709345
21442,2.222022
21443,4.040796
21444,10.153345
21445,4.236881
21446,2.9979067
21447,3.264326
21448,5.014436
21449,3.6451826
21450,2.792628
21451,3.825698
21452,2.8892095
21453,4.182521
21454,5.318262
21455,5.372518
21456,1.888781
21457,4.3968306
21458,2.251294
21459,10.136352
21460,3.1815479
21461,7.2301564
21462,2.3838892
21463,4.822241
21464,4.1310434
21465,2.150595
21466,6.6023426
21467,2.5929177
21468,6.795157
21469,0.42234233
21470,6.4678807
21471,3.0584877
21472,3.7448838
21473,2.1920912
21474,5.8303924
21475,5.9692845
21476,1.5110104
21477,5.8205442
21478,5.4907527
21479,6.159324
21480,5.0044746
21481,2.2920694
21482,7.4818993
21483,1.4740975
21484,3.531998
21485,2.7694135
21486,2.4685466
21487,5.4242063
21488,2.5091147
21489,1.0073315
21490,0.56677824
21491,6.2421503
21492,1.7993801
21493,6.3450527
21494,1.8514228
21495,1.2525856
21496,0.584108
21497,7.0579753
21498,4.564473
21499,3.8324525
21500,5.296116
21501,3.8894079
21502,4.6463227
21503,6.6133466
21504,4.8785453
21505,4.9024916
21506,4.9774785
21507,1.7874165
21508,4.1206727
21509,5.8347883
21510,5.6378093
21511,3.0992038
21512,8.325698
21513,5.14117
21514,1.153843
21515,2.6321006
21516,4.1928267
21517,5.665528
21518,0.51818746
21519,7.585981
21520,6.931366
21521,5.0386405
21522,4.928502
21523,8.627818
21524,4.5752306
21525,1.5674059
21526,5.1956363
21527,1.6808553
21528,1.0880952
21529,4.782612
21530,5.5391445
21531,3.834966
21532,7.149501
21533,4.919243
21534,4.213439
21535,1.4989557
21536,4.6891932
21537,7.217618
21538,6.645342
21539,6.759451
21540,5.0947556
21541,4.555182
21542,8.187161
21543,8.469057
21544,7.603111
21545,1.3560565
21546,5.3145237
21547,6.033438
21548,2.4284208
21549,7.130663
21550,4.844436
21551,5.8364887
21552,8.333383
21553,6.867956
21554,7.087739
21555,7.573474
21556,4.9036527
21557,2.58569
21558,2.4497516
21559,2.2374854
21560,3.9011054
21561,0.6161483
21562,2.848288
21563,6.713402
21564,2.186657
21565,7.552694
21566,2.9671273
21567,2.259723
21568,3.8851173
21569,1.2077066
21570,4.825997
21571,6.156374
21572,-0.49478203
21573,6.8981814
21574,4.456886
21575,5.3704944
21576,5.1124396
21577,7.23175
21578,5.1704655
21579,6.335513
21580,3.79456
21581,8.32433
21582,6.393033
21583,6.7877297
21584,6.3669715
21585,1.9240668
21586,4.3141503
21587,2.194008
21588,2.960889
21589,1.8674028
21590,4.1216054
21591,1.6831741
21592,2.0387015
21593,4.196482
21594,7.151553
21595,3.8503983
21596,1.5563904
21597,2.6364229
21598,3.959394
21599,7.548361
21600,5.799987
21601,3.046415
21602,0.27000952
21603,2.1385424
21604,2.798451
21605,5.658389
21606,4.171609
21607,0.67809063
21608,4.6022267
21609,5.4375153
21610,3.8771722
21611,3.283166
21612,4.8396125
21613,2.4586573
21614,4.5740547
21615,4.0081143
21616,2.740187
21617,1.2199601
21618,2.085941
21619,3.7441504
21620,5.5281315
21621,5.9119864
21622,0.8592788
21623,4.6668434
21624,9.089473
21625,4.3119903
21626,2.6443784
21627,3.4257011
21628,1.9903808
21629,3.9373195
21630,1.7113028
21631,0.2266551
21632,2.88614
21633,5.4366145
21634,7.519811
21635,5.6867046
21636,2.385053
21637,6.660796
21638,5.5667152
21639,4.101327
21640,5.5202246
21641,3.013953
21642,5.1600895
21643,2.4329798
21644,2.743566
21645,5.6655383
21646,6.7832403
21647,7.029821
21648,6.570372
21649,7.2811337
21650,7.2406397
21651,2.1633508
21652,3.8723736
21653,4.474428
21654,3.2293208
21655,2.1681538
21656,3.0667384
21657,4.006398
21658,7.8300366
21659,1.7901083
21660,1.4916718
21661,6.3877707
21662,4.8448977
21663,3.3367858
21664,5.5262737
21665,6.5723186
21666,5.1346426
21667,6.196029
21668,0.20690137
21669,5.6733494
21670,6.342195
21671,6.014583
21672,3.2950962
21673,4.3242
21674,6.168156
21675,8.649336
21676,7.2405443
21677,5.3575697
21678,3.6997316
21679,4.029115
21680,7.427868
21681,6.141317
21682,2.1634228
21683,-0.5062949
21684,7.7229915
21685,1.7038562
21686,4.819307
21687,4.1564493
21688,7.6006417
21689,4.294628
21690,6.600092
21691,5.7760353
21692,7.084089
21693,3.4737074
21694,3.6298206
21695,6.608654
21696,3.6528485
21697,6.317718
21698,6.128078
21699,4.7139463
21700,3.9762475
21701,6.6974096
21702,6.670296
21703,8.595313
21704,1.0246531
21705,2.2772658
21706,4.998444
21707,1.1043613
21708,3.4296138
21709,0.11413325
21710,1.1575212
21711,8.417317
21712,6.96618
21713,1.5355994
21714,2.5797334
21715,7.225631
21716,1.6108053
21717,3.749022
21718,4.607863
21719,5.2438636
21720,4.6224813
21721,6.6403627
21722,1.8685412
21723,2.948381
21724,6.389219
21725,5.5221457
21726,2.0301054
21727,5.390636
21728,2.0172155
21729,6.024207
21730,4.932558
21731,3.790626
21732,2.2458029
21733,4.8517604
21734,6.5909147
21735,2.8031619
21736,4.427938
21737,7.0195465
21738,7.240031
21739,5.3561435
21740,2.571047
21741,5.799748
21742,3.6313128
21743,7.743062
21744,3.0059783
21745,4.4889245
21746,1.4866173
21747,5.7522826
21748,3.9992595
21749,7.7778955
21750,1.9644337
21751,0.8475613
21752,3.5193117
21753,8.055019
21754,5.4500713
21755,5.5539913
21756,8.202164
21757,3.0746732
21758,4.4143806
21759,1.4191368
21760,3.8860183
21761,5.818132
21762,-0.78712165
21763,4.849152
21764,4.0612416
21765,4.8694615
21766,4.6912384
21767,4.802968
21768,5.0247555
21769,1.7153189
21770,3.0136757
21771,6.9912186
21772,5.618484
21773,3.3847995
21774,3.8342342
21775,3.4113162
21776,6.9012303
21777,2.3698494
21778,5.761718
21779,6.1066093
21780,4.4733844
21781,8.377145
21782,9.7475195
21783,6.5672684
21784,5.839623
21785,7.893889
21786,5.556307
21787,1.9654977
21788,2.874083
21789,9.608378
21790,2.7761676
21791,6.349936
21792,7.0875645
21793,1.9284198
21794,3.742662
21795,4.409629
21796,4.566102
21797,4.260489
21798,2.3520496
21799,6.8506804
21800,3.1387959
21801,2.678087
21802,6.3346987
21803,2.1309352
21804,5.071745
21805,3.4566922
21806,5.9531903
21807,5.4437165
21808,4.1375036
21809,2.2181873
21810,6.597628
21811,5.6893435
21812,3.9424
21813,4.650945
21814,5.5962615
21815,5.2745
21816,0.45104945
21817,7.795086
21818,4.7578797
21819,6.242079
21820,4.8510003
21821,1.3363307
21822,2.4542859
21823,7.525893
21824,6.6626744
21825,7.0693946
21826,3.7334461
21827,6.675259
21828,2.6706152
21829,1.5158954
21830,6.3067017
21831,1.9604663
21832,0.829482
21833,1.0165424
21834,5.3082876
21835,6.117187
21836,3.542926
21837,8.159976
21838,2.3537457
21839,2.9862053
21840,3.822025
21841,3.2951393
21842,3.5529904
21843,4.407218
21844,1.1383839
21845,5.558895
21846,4.595537
21847,5.206485
21848,7.6762104
21849,7.249215
21850,0.41688204
21851,3.0024636
21852,2.7775366
21853,3.8957314
21854,3.5414581
21855,4.5893493
21856,7.8113694
21857,3.1186023
21858,3.8726125
21859,5.3535743
21860,6.711099
21861,6.689364
21862,7.3247313
21863,7.973384
21864,3.2753549
21865,6.4253626
21866,6.7851
21867,5.175814
21868,2.0383008
21869,3.7218716
21870,1.236187
21871,6.7133055
21872,2.8925898
21873,2.3510423
21874,2.6392045
21875,3.2642353
21876,2.3293216
21877,1.9709227
21878,4.9669514
21879,1.7527916
21880,3.6010792
21881,5.067798
21882,5.9656157
21883,5.767998
21884,4.476321
21885,3.002979
21886,3.210958
21887,8.59154
21888,6.3436933
21889,7.884494
21890,0.8499124
21891,3.523054
21892,5.932405
21893,6.327656
21894,3.090778
21895,5.4465384
21896,4.8854394
21897,4.504993
21898,5.2169747
21899,7.7968397
21900,9.161549
21901,4.0567555
21902,6.1053905
21903,5.626803
21904,1.9945419
21905,4.554246
21906,6.5909176
21907,7.075728
21908,4.7145762
21909,4.5333724
21910,2.6607075
21911,2.0963643
21912,2.646465
21913,2.0371692
21914,3.7724319
21915,5.962784
21916,1.0108662
21917,5.0555644
21918,7.01758
21919,5.6836033
21920,7.3424034
21921,3.018693
21922,6.4922023
21923,7.364782
21924,5.922764
21925,1.0130272
21926,5.5668654
21927,0.3010949
21928,3.4913085
21929,2.9671388
21930,7.859337
21931,8.747546
21932,3.0033553
21933,7.2705145
21934,1.9870334
21935,4.1954336
21936,8.617738
21937,1.2289797
21938,6.3602905
21939,5.195438
21940,2.4957998
21941,5.947598
21942,5.1886964
21943,5.575524
21944,6.4703035
21945,2.3135934
21946,4.1707025
21947,3.0669055
21948,4.6632857
21949,4.4129925
21950,3.6846452
21951,7.9693737
21952,6.685064
21953,6.612881
21954,3.3941503
21955,4.272188
21956,5.8076897
21957,0.88723445
21958,3.8703992
21959,2.4571319
21960,3.2285662
21961,1.3413497
21962,4.74952
21963,1.835916
21964,4.651791
21965,3.7176142
21966,2.2379181
21967,1.7329602
21968,6.6759467
21969,4.148052
21970,3.862117
21971,3.4401674
21972,4.907004
21973,6.719942
21974,6.9272366
21975,2.5844717
21976,3.8869987
21977,5.975879
21978,7.160997
21979,1.1564901
21980,4.8335905
21981,5.133966
21982,3.7039564
21983,7.309887
21984,4.809905
21985,5.2269473
21986,4.670628
21987,-0.14633708
21988,7.5764627
21989,2.834097
21990,5.6232314
21991,7.8639855
21992,4.2542443
21993,3.4455357
21994,8.203436
21995,3.5280015
21996,5.6876774
21997,4.330587
21998,2.7182078
21999,5.2507343
22000,6.724748
22001,3.48847
22002,4.489917
22003,6.091292
22004,2.5595245
22005,3.0554984
22006,1.8436038
22007,1.5783122
22008,7.8975315
22009,1.9615418
22010,6.209706
22011,2.0094705
22012,1.9180192
22013,4.6178575
22014,8.001561
22015,6.84023
22016,5.184294
22017,2.8273518
22018,3.256909
22019,4.5828166
22020,5.3034735
22021,2.082606
22022,4.3687835
22023,7.442672
22024,8.577644
22025,2.9566436
22026,3.0915809
22027,2.8163812
22028,4.7008047
22029,9.097736
22030,4.092524
22031,3.9598498
22032,6.033327
22033,2.8486698
22034,1.6731579
22035,2.7076437
22036,4.8847785
22037,2.9387708
22038,5.4202952
22039,2.1343746
22040,3.899479
22041,1.5507493
22042,2.983757
22043,2.1475153
22044,6.9238195
22045,4.8575244
22046,5.1775537
22047,3.0068934
22048,1.767801
22049,6.8452134
22050,4.2236505
22051,3.871701
22052,3.9347465
22053,2.7485247
22054,6.463835
22055,6.0345263
22056,0.9943905
22057,6.8703036
22058,-0.76833105
22059,7.8564234
22060,4.2131596
22061,7.77541
22062,2.9675992
22063,0.918374
22064,2.6931431
22065,7.577712
22066,6.9089355
22067,1.1045296
22068,4.3811283
22069,5.456058
22070,6.3070164
22071,3.3183713
22072,5.682789
22073,8.825317
22074,6.5782833
22075,6.6679635
22076,5.6959896
22077,2.8178477
22078,3.4822202
22079,7.5931535
22080,3.3255796
22081,3.025841
22082,4.801207
22083,4.580132
22084,4.677848
22085,5.9203715
22086,4.127467
22087,5.0334806
22088,5.5241523
22089,2.161826
22090,0.5856811
22091,3.5831547
22092,8.040262
22093,3.008968
22094,8.381866
22095,2.2857668
22096,3.623155
22097,3.2006457
22098,5.190168
22099,5.271835
22100,6.729566
22101,5.467838
22102,9.05169
22103,7.7669744
22104,4.6960616
22105,6.6445084
22106,6.2438407
22107,5.28219
22108,6.343624
22109,6.477192
22110,1.3870103
22111,8.504672
22112,1.9005756
22113,7.5892587
22114,6.827281
22115,3.8229969
22116,0.7137018
22117,4.99555
22118,6.461367
22119,6.6572266
22120,3.309985
22121,4.0463896
22122,5.3301263
22123,5.2487187
22124,4.9803696
22125,1.4821243
22126,7.329125
22127,4.755703
22128,2.5768588
22129,5.498153
22130,5.7264233
22131,5.9344525
22132,8.370388
22133,6.350027
22134,0.96612436
22135,3.419032
22136,4.061961
22137,1.2005093
22138,4.8424478
22139,5.7193985
22140,6.298187
22141,7.4545493
22142,5.8418365
22143,6.702362
22144,4.696087
22145,3.1958652
22146,6.9044933
22147,4.559922
22148,4.7488823
22149,3.3319092
22150,4.850738
22151,3.4005163
22152,6.031436
22153,3.1652687
22154,5.4080772
22155,5.0936723
22156,5.72384
22157,4.678424
22158,7.56776
22159,8.211388
22160,3.6581116
22161,2.9978635
22162,3.8030624
22163,5.851962
22164,6.599297
22165,6.1529126
22166,2.4016337
22167,6.947687
22168,6.3634453
22169,1.6343026
22170,6.3086033
22171,7.6318383
22172,4.8719964
22173,3.3696
22174,7.7431407
22175,5.4715743
22176,7.779459
22177,4.195506
22178,8.66248
22179,4.0855637
22180,1.7068326
22181,2.1214695
22182,0.2717384
22183,6.3149776
22184,5.0514855
22185,2.996547
22186,7.5593367
22187,2.631479
22188,5.412718
22189,7.768028
22190,4.591548
22191,8.692703
22192,6.6016493
22193,4.6278524
22194,8.642162
22195,7.095188
22196,6.265172
22197,3.4539106
22198,1.3094299
22199,4.1281424
22200,5.1894307
22201,2.2027998
22202,3.6151626
22203,0.9379237
22204,5.443982
22205,9.014811
22206,3.4368472
22207,4.483468
22208,4.259562
22209,1.1720618
22210,6.140685
22211,7.6168437
22212,8.247096
22213,6.4141927
22214,7.9984827
22215,2.3591843
22216,4.7871842
22217,1.8421077
22218,4.4061913
22219,2.2971363
22220,2.462697
22221,7.4714403
22222,8.638858
22223,6.2925477
22224,6.0563173
22225,3.550022
22226,5.462461
22227,5.5860763
22228,3.8775837
22229,4.8335443
22230,5.4755464
22231,8.062674
22232,3.2570522
22233,1.4114364
22234,5.4148884
22235,7.991054
22236,2.9101322
22237,1.6056157
22238,4.253036
22239,7.124171
22240,5.0177045
22241,8.065845
22242,6.9107733
22243,1.930043
22244,4.622968
22245,3.6571007
22246,3.9980228
22247,2.9797053
22248,6.022025
22249,4.7273545
22250,4.7614675
22251,3.9432042
22252,6.1939554
22253,3.5623727
22254,4.4084373
22255,4.8490973
22256,1.9051957
22257,3.6269128
22258,6.806337
22259,3.5039177
22260,4.249249
22261,3.613048
22262,2.4706442
22263,5.3565283
22264,6.7280426
22265,4.826942
22266,3.1813157
22267,6.1768465
22268,5.2682323
22269,3.150321
22270,3.4039984
22271,3.1746473
22272,2.780847
22273,7.4032183
22274,2.5701678
22275,5.148911
22276,5.127779
22277,2.7900922
22278,2.9304612
22279,1.2579379
22280,6.950345
22281,4.3850503
22282,3.8675246
22283,2.5311224
22284,1.4940906
22285,3.8174052
22286,4.601441
22287,7.780585
22288,1.1978879
22289,7.333562
22290,4.6665034
22291,4.6102796
22292,3.117694
22293,4.1291203
22294,4.985157
22295,2.6649063
22296,5.8126373
22297,2.8461266
22298,1.9539449
22299,3.8652904
22300,2.341058
22301,3.808265
22302,6.1609125
22303,7.044535
22304,6.742659
22305,2.8669226
22306,1.5946953
22307,2.8530307
22308,7.3135643
22309,8.027034
22310,2.3412988
22311,8.367839
22312,4.0396934
22313,4.551381
22314,5.9177628
22315,3.64027
22316,6.9406853
22317,1.3781359
22318,2.513672
22319,4.5095754
22320,7.094079
22321,4.891732
22322,2.2400808
22323,0.5389359
22324,3.0980031
22325,3.5559385
22326,8.35225
22327,2.6053257
22328,6.0436954
22329,4.345045
22330,8.313706
22331,3.7306676
22332,3.0920756
22333,2.9019845
22334,1.8573959
22335,5.8402886
22336,5.0226784
22337,1.7640934
22338,3.439708
22339,6.5885262
22340,1.5878994
22341,4.6186185
22342,6.20531
22343,5.4217796
22344,7.6656346
22345,2.023638
22346,5.867932
22347,8.476798
22348,7.862542
22349,4.8960533
22350,6.069455
22351,3.0624409
22352,6.809523
22353,2.477714
22354,0.13552453
22355,7.320193
22356,2.3450546
22357,5.4051366
22358,7.8361197
22359,7.012827
22360,4.4555583
22361,3.208305
22362,6.1861024
22363,3.9808815
22364,3.9876428
22365,2.5949597
22366,6.242683
22367,7.6035395
22368,4.5714083
22369,1.7352087
22370,5.5900054
22371,3.5893364
22372,0.434407
22373,3.9779
22374,4.046888
22375,2.9206674
22376,2.3576226
22377,2.9447052
22378,6.8576474
22379,4.454927
22380,5.1959896
22381,5.366152
22382,3.7070303
22383,2.8971694
22384,3.9142404
22385,8.383818
22386,5.4915123
22387,1.2656814
22388,5.1948996
22389,3.106801
22390,2.4011712
22391,1.0800705
22392,3.6939113
22393,6.670118
22394,6.5021195
22395,0.87511766
22396,3.916317
22397,2.51105
22398,5.862321
22399,2.3828623
22400,6.8510094
22401,6.779968
22402,4.741796
22403,2.9912786
22404,6.7730675
22405,5.3718495
22406,6.3824983
22407,2.334403
22408,3.3801126
22409,2.4476237
22410,-0.96409756
22411,2.6888087
22412,3.2603326
22413,8.818562
22414,1.2182866
22415,2.449066
22416,7.1432076
22417,4.2963476
22418,4.128248
22419,5.701281
22420,3.853171
22421,5.9754887
22422,3.0591085
22423,4.909093
22424,7.7992177
22425,4.742692
22426,5.7699757
22427,4.6770186
22428,1.2443006
22429,2.154444
22430,4.680078
22431,6.1228085
22432,4.9604764
22433,4.722919
22434,1.1193573
22435,2.877797
22436,5.672749
22437,2.0945065
22438,8.619126
22439,2.124835
22440,3.5455134
22441,5.4543505
22442,3.1829453
22443,3.9107878
22444,4.233547
22445,7.698047
22446,1.8348911
22447,5.4725494
22448,3.2523155
22449,2.1038623
22450,7.24046
22451,2.448995
22452,5.0807137
22453,6.735518
22454,6.340556
22455,6.3205743
22456,5.791588
22457,8.668227
22458,4.894345
22459,4.449924
22460,7.5311503
22461,8.929897
22462,-0.14319277
22463,5.8862734
22464,6.7667394
22465,5.959836
22466,2.2034314
22467,1.9998784
22468,5.8387995
22469,0.05287175
22470,5.632992
22471,4.919911
22472,5.117116
22473,0.6036902
22474,1.7739105
22475,4.6640415
22476,5.1542954
22477,4.54252
22478,7.836214
22479,5.4559746
22480,6.447208
22481,4.3714185
22482,6.41587
22483,5.7669015
22484,3.756115
22485,5.840803
22486,7.99501
22487,4.4268327
22488,3.0479171
22489,5.265909
22490,1.3757337
22491,1.2733734
22492,4.813407
22493,5.253711
22494,2.4329112
22495,6.732593
22496,6.2866488
22497,2.26198
22498,2.787717
22499,2.1814518
22500,6.10815
22501,6.472069
22502,3.887409
22503,4.4748483
22504,7.0440884
22505,3.237782
22506,7.051315
22507,2.5069163
22508,4.7751336
22509,7.6625667
22510,4.971035
22511,6.0409946
22512,7.592044
22513,5.8090363
22514,1.5080473
22515,3.7781205
22516,5.7559657
22517,0.018454438
22518,1.1770388
22519,5.1650414
22520,4.263704
22521,-0.29240394
22522,4.165103
22523,6.5524187
22524,2.03549
22525,4.09895
22526,4.1887665
22527,3.7208602
22528,4.0420966
22529,4.640828
22530,-0.16224255
22531,2.961257
22532,0.39307767
22533,4.6709704
22534,6.764602
22535,3.4555602
22536,7.0286856
22537,4.522956
22538,8.3335495
22539,3.2691715
22540,5.4013805
22541,4.5020213
22542,1.143364
22543,4.641568
22544,3.2976215
22545,2.7836993
22546,2.1296105
22547,2.3431582
22548,3.1821485
22549,5.155914
22550,3.8131552
22551,5.099715
22552,4.368608
22553,4.7513123
22554,8.2029
22555,2.0688624
22556,5.1602077
22557,2.560129
22558,0.25643027
22559,3.0514584
22560,1.7959297
22561,3.9861317
22562,3.2126682
22563,0.01665759
22564,4.9723577
22565,4.911219
22566,3.330002
22567,3.6969202
22568,6.4626765
22569,-0.21814428
22570,6.804501
22571,2.3118029
22572,4.532918
22573,7.753365
22574,4.088529
22575,4.1677475
22576,3.7877705
22577,1.3886187
22578,-0.3204102
22579,4.154031
22580,8.8689
22581,0.71664196
22582,2.6034374
22583,4.8060703
22584,3.3803096
22585,1.846802
22586,6.5147743
22587,6.0872135
22588,3.8422465
22589,8.410946
22590,7.3602495
22591,1.8753383
22592,6.1173606
22593,4.0326295
22594,1.9575856
22595,7.9584885
22596,5.536043
22597,3.7532876
22598,3.924404
22599,3.924835
22600,3.4041426
22601,2.642321
22602,5.639916
22603,9.464503
22604,7.4488378
22605,3.0899642
22606,2.974464
22607,5.007684
22608,7.576176
22609,7.9297867
22610,1.7973788
22611,3.7918112
22612,7.4464974
22613,8.317123
22614,9.112478
22615,6.588221
22616,4.5971212
22617,3.490543
22618,4.416354
22619,3.49243
22620,1.0437074
22621,3.1199977
22622,7.0879784
22623,5.577931
22624,1.2265956
22625,1.8047506
22626,0.023019671
22627,2.0635126
22628,4.332989
22629,6.958596
22630,3.998194
22631,3.6503124
22632,4.7643914
22633,4.7814093
22634,2.204359
22635,4.983612
22636,5.9923973
22637,5.0084176
22638,4.604042
22639,5.8276258
22640,0.40976351
22641,1.36958
22642,2.0988634
22643,2.370805
22644,2.414027
22645,1.7739012
22646,4.604565
22647,3.5935574
22648,5.9552045
22649,4.1905613
22650,6.815908
22651,3.2918766
22652,3.1024344
22653,5.844638
22654,1.3043593
22655,3.861461
22656,6.0342703
22657,1.9737263
22658,2.3845806
22659,7.7687793
22660,1.0156112
22661,1.9607769
22662,2.8632
22663,4.7437634
22664,3.3335078
22665,3.8879619
22666,5.4118466
22667,5.066174
22668,5.4397964
22669,9.120602
22670,4.4534993
22671,2.033477
22672,2.5950718
22673,1.2916595
22674,8.041439
22675,6.0958505
22676,2.4832633
22677,2.8736029
22678,7.8356028
22679,3.2604594
22680,2.0863528
22681,2.2981815
22682,1.7814114
22683,3.2187383
22684,3.3917181
22685,4.446409
22686,4.5935187
22687,4.5481
22688,6.4118257
22689,1.0365205
22690,5.379092
22691,7.019999
22692,1.6428216
22693,6.731662
22694,3.628465
22695,5.987866
22696,4.42424
22697,1.1869686
22698,1.7224827
22699,2.0712113
22700,2.908333
22701,6.628603
22702,1.614861
22703,6.175085
22704,3.052095
22705,8.575707
22706,6.472012
22707,3.7896166
22708,7.557475
22709,3.5694227
22710,5.1839247
22711,2.575358
22712,4.205953
22713,3.9903464
22714,2.5334463
22715,3.5357425
22716,1.9693629
22717,6.84051
22718,3.3944054
22719,6.8604064
22720,2.2744176
22721,3.003376
22722,5.8002853
22723,7.0049396
22724,4.2365193
22725,2.5140908
22726,2.4555378
22727,1.8068824
22728,7.0486703
22729,3.3983746
22730,1.483007
22731,9.645866
22732,6.2277174
22733,5.366302
22734,3.0602665
22735,7.164527
22736,6.373397
22737,8.399387
22738,2.4936082
22739,7.2863
22740,4.9370933
22741,1.0571412
22742,2.1990457
22743,5.3898563
22744,5.1587873
22745,4.550935
22746,6.536819
22747,1.2234836
22748,1.9400434
22749,1.8001177
22750,6.148401
22751,3.246339
22752,-0.15057509
22753,1.6865561
22754,6.7426457
22755,3.8752377
22756,6.177332
22757,6.594921
22758,4.854346
22759,7.5838184
22760,1.9119933
22761,2.3791072
22762,2.5025904
22763,7.575617
22764,6.5449286
22765,2.058063
22766,6.638546
22767,3.020974
22768,5.6564975
22769,3.8945904
22770,4.7199764
22771,2.7374272
22772,6.372973
22773,3.9176114
22774,3.346014
22775,2.6802535
22776,3.984943
22777,6.7074056
22778,7.399094
22779,4.310087
22780,7.00779
22781,3.3145456
22782,0.40344247
22783,3.5678933
22784,7.108911
22785,1.8680032
22786,0.94482255
22787,4.8998528
22788,6.0804086
22789,4.2340355
22790,6.614366
22791,5.1648517
22792,6.035737
22793,8.520026
22794,4.35087
22795,1.6052666
22796,7.655456
22797,5.0191064
22798,5.9524336
22799,3.872607
22800,4.8161106
22801,2.414482
22802,5.0322547
22803,6.1781325
22804,2.794946
22805,1.8786862
22806,4.689571
22807,8.159102
22808,9.3070965
22809,4.1683593
22810,6.086574
22811,6.37946
22812,5.622673
22813,6.1743045
22814,2.4455009
22815,6.3296676
22816,3.7644315
22817,6.6200237
22818,2.5650754
22819,4.251335
22820,2.1618266
22821,3.375024
22822,5.3739724
22823,3.043326
22824,1.6058428
22825,3.9735682
22826,1.7829921
22827,5.59066
22828,1.564657
22829,8.673052
22830,5.5058746
22831,3.9216511
22832,6.9871
22833,1.7066362
22834,2.0152872
22835,1.5717804
22836,2.863508
22837,5.7750273
22838,5.06166
22839,1.752145
22840,3.3230288
22841,5.637908
22842,2.477731
22843,3.3394718
22844,3.2085216
22845,4.5557933
22846,9.683068
22847,3.8330138
22848,5.2236514
22849,7.0229483
22850,2.2000897
22851,4.8435297
22852,4.3879523
22853,2.021015
22854,6.3819637
22855,1.3056481
22856,3.492961
22857,2.2612915
22858,5.845951
22859,5.3925834
22860,2.2655435
22861,4.6671834
22862,3.2356741
22863,5.5844693
22864,6.2594137
22865,7.886717
22866,4.4528413
22867,4.2964635
22868,7.4290724
22869,6.1526527
22870,4.598825
22871,5.409341
22872,5.2244673
22873,5.5489864
22874,1.9381497
22875,2.9599745
22876,3.7188387
22877,2.485872
22878,3.6436548
22879,4.8710713
22880,6.5273204
22881,5.8590684
22882,4.366604
22883,2.3053932
22884,7.702496
22885,2.7712538
22886,3.1999938
22887,1.8090477
22888,-0.16322929
22889,1.9362973
22890,9.097497
22891,6.608236
22892,7.009722
22893,1.519805
22894,4.790125
22895,2.5494018
22896,4.2922196
22897,4.046704
22898,3.1692939
22899,3.1584387
22900,5.7062435
22901,5.117077
22902,2.6457999
22903,1.1609831
22904,4.4174743
22905,3.492715
22906,2.6597147
22907,1.0909263
22908,3.789597
22909,1.7352597
22910,3.457824
22911,5.9456797
22912,5.402726
22913,5.5002413
22914,7.5400023
22915,5.8291283
22916,7.047254
22917,4.346993
22918,1.1808702
22919,4.7254457
22920,1.5121337
22921,6.3094716
22922,0.34906775
22923,5.352566
22924,0.4199016
22925,2.9784706
22926,5.310537
22927,4.068791
22928,4.720482
22929,6.200455
22930,3.858247
22931,4.687155
22932,8.094601
22933,3.3081267
22934,3.9549227
22935,2.6871598
22936,6.556244
22937,2.1264362
22938,6.9857616
22939,1.9122872
22940,2.9071689
22941,2.8935642
22942,3.903877
22943,5.583493
22944,5.9874635
22945,2.843293
22946,4.519874
22947,3.764732
22948,3.3658159
22949,2.3316927
22950,5.8301687
22951,3.5323234
22952,3.7665477
22953,4.6835093
22954,4.0716047
22955,2.2294526
22956,1.926359
22957,2.367673
22958,0.14984713
22959,2.6073456
22960,3.936325
22961,5.1853743
22962,6.724766
22963,8.315767
22964,3.4836426
22965,6.1209736
22966,3.7941327
22967,4.432959
22968,6.234527
22969,5.2351227
22970,5.7116704
22971,4.2890997
22972,4.499536
22973,4.8318353
22974,7.9389396
22975,4.677376
22976,4.706827
22977,0.7734043
22978,6.1067038
22979,6.3373523
22980,7.214403
22981,2.4449172
22982,8.506938
22983,4.013794
22984,2.9646807
22985,4.6924663
22986,2.1856859
22987,4.0144
22988,1.2135332
22989,7.737219
22990,7.1156545
22991,5.098313
22992,2.503613
22993,2.3725169
22994,1.8894789
22995,6.6955504
22996,9.033488
22997,5.693846
22998,6.3473244
22999,6.1527686
23000,4.541719
23001,4.748526
23002,5.0510726
23003,6.7979617
23004,8.460329
23005,1.6207333
23006,4.6182556
23007,4.259742
23008,2.2436967
23009,4.652399
23010,2.79723
23011,5.069067
23012,5.08455
23013,4.272831
23014,5.5038867
23015,7.069711
23016,3.3062747
23017,0.27283186
23018,6.604332
23019,2.0250375
23020,6.223285
23021,2.14504
23022,4.8639383
23023,7.965709
23024,2.721052
23025,3.5010142
23026,3.0316317
23027,1.2386185
23028,1.9351332
23029,3.9229436
23030,2.1412392
23031,2.4361312
23032,7.97037
23033,1.6558936
23034,4.1843395
23035,3.7624667
23036,3.8771353
23037,2.2228215
23038,6.6804066
23039,9.148979
23040,8.462095
23041,5.591445
23042,7.1527457
23043,5.562015
23044,4.392737
23045,5.981271
23046,4.1256123
23047,8.146242
23048,3.544922
23049,6.1020317
23050,8.300456
23051,3.4693496
23052,6.159459
23053,3.743415
23054,6.1787987
23055,3.2881145
23056,4.671983
23057,5.564326
23058,7.9478517
23059,7.0308037
23060,2.1202576
23061,4.7243857
23062,7.0303636
23063,3.9944773
23064,6.742397
23065,3.4194236
23066,7.41494
23067,3.1060133
23068,0.31484058
23069,5.0956903
23070,3.7837458
23071,5.2727785
23072,5.194958
23073,5.8625307
23074,2.8225834
23075,5.8549213
23076,2.046367
23077,3.8760414
23078,6.7439294
23079,2.8138416
23080,4.973923
23081,2.8833485
23082,5.563577
23083,1.2252955
23084,2.219975
23085,4.1289663
23086,-1.178766
23087,1.0176449
23088,6.4572477
23089,2.7057748
23090,3.1589725
23091,7.3151064
23092,5.883224
23093,8.297221
23094,1.5310923
23095,5.8213935
23096,3.395186
23097,7.441901
23098,3.1023836
23099,6.432278
23100,2.84127
23101,6.0729456
23102,5.118575
23103,6.204076
23104,2.9299672
23105,2.9661086
23106,2.6968021
23107,4.477712
23108,4.922451
23109,6.9449444
23110,3.4502318
23111,5.261764
23112,4.8946023
23113,5.2187896
23114,3.4115417
23115,6.4509563
23116,2.3576899
23117,7.959104
23118,1.2865233
23119,5.509593
23120,5.403505
23121,5.574389
23122,7.8934746
23123,5.5428066
23124,5.304778
23125,4.183463
23126,6.8666806
23127,8.625149
23128,4.5728803
23129,2.3066602
23130,1.5602794
23131,0.9816548
23132,4.7901583
23133,4.1239653
23134,1.918009
23135,4.9442525
23136,-0.119925685
23137,6.6606913
23138,7.8783293
23139,3.4235215
23140,4.2094245
23141,3.7762752
23142,4.2693677
23143,1.994317
23144,5.429327
23145,3.2142372
23146,1.8468915
23147,6.4366193
23148,9.061842
23149,2.7388082
23150,3.38332
23151,6.8817196
23152,5.722982
23153,5.101587
23154,1.3642933
23155,2.6010957
23156,4.5538926
23157,7.345631
23158,2.7898545
23159,4.82064
23160,4.3705587
23161,4.1043425
23162,1.691522
23163,5.0619445
23164,1.9503605
23165,2.7442224
23166,4.907944
23167,3.9558141
23168,5.2560487
23169,1.4989102
23170,2.647735
23171,9.28783
23172,3.322109
23173,6.935843
23174,7.8799286
23175,3.5797548
23176,4.2100463
23177,6.537277
23178,5.7322583
23179,4.81259
23180,5.2630324
23181,5.8201046
23182,1.4006469
23183,5.9673653
23184,1.6611052
23185,5.9944944
23186,6.2327
23187,4.6530514
23188,3.7561576
23189,6.696549
23190,2.7780333
23191,2.0810413
23192,2.4010913
23193,1.4120369
23194,0.95057607
23195,5.4934096
23196,3.402084
23197,0.41378236
23198,6.2099032
23199,6.0345335
23200,2.7543426
23201,4.552264
23202,5.3379083
23203,7.0915847
23204,4.8665805
23205,5.449148
23206,1.88387
23207,1.5020657
23208,6.305666
23209,2.471946
23210,2.1994648
23211,3.8816397
23212,4.120624
23213,6.0965343
23214,4.0589733
23215,1.0528061
23216,7.208512
23217,8.032244
23218,3.0883515
23219,5.6801457
23220,3.4925992
23221,3.2050927
23222,8.433675
23223,2.184415
23224,7.8324676
23225,1.9853873
23226,6.4417443
23227,7.1679783
23228,1.0700403
23229,2.9891517
23230,3.222851
23231,4.57484
23232,1.9641305
23233,4.060562
23234,5.4385448
23235,3.0889552
23236,1.891711
23237,6.8251224
23238,2.3332064
23239,7.3221607
23240,6.4931884
23241,4.706931
23242,6.347095
23243,1.5563735
23244,3.3838854
23245,7.119438
23246,8.190082
23247,7.0457225
23248,2.7809904
23249,5.675344
23250,1.5442247
23251,2.809894
23252,1.5081029
23253,4.825244
23254,5.2197466
23255,7.217989
23256,8.234504
23257,6.2027225
23258,3.1771414
23259,1.8690404
23260,5.497874
23261,5.2107897
23262,4.247083
23263,5.9149623
23264,0.92154634
23265,3.1508923
23266,4.2780547
23267,7.9656816
23268,6.2618647
23269,4.9763255
23270,3.0730736
23271,6.045127
23272,6.4195046
23273,2.3300853
23274,2.6897566
23275,3.4589021
23276,4.5142274
23277,1.4019681
23278,6.915564
23279,4.419457
23280,1.5583448
23281,3.0521615
23282,4.1483116
23283,1.902525
23284,4.393506
23285,4.49216
23286,2.1754026
23287,3.8829556
23288,2.5979826
23289,6.456124
23290,6.433091
23291,3.911664
23292,3.8472242
23293,2.3011951
23294,6.9688325
23295,4.9498553
23296,3.1080089
23297,1.2898045
23298,4.820343
23299,2.6311214
23300,5.967641
23301,0.891148
23302,1.9542532
23303,7.34632
23304,3.1604917
23305,4.4754243
23306,4.3508368
23307,1.9259994
23308,5.5010033
23309,7.1123586
23310,4.2016244
23311,5.3188515
23312,5.5345025
23313,2.6696026
23314,2.8257122
23315,5.9157867
23316,-1.6445993
23317,4.428396
23318,3.4277701
23319,0.24789429
23320,2.4756565
23321,6.1612988
23322,7.92777
23323,4.640189
23324,2.5193632
23325,3.5644343
23326,2.2492404
23327,2.925439
23328,6.3201275
23329,6.6338873
23330,0.22708724
23331,7.8491273
23332,4.2102776
23333,8.264832
23334,6.4880624
23335,4.29123
23336,3.588048
23337,5.623685
23338,4.098413
23339,4.621486
23340,1.0875828
23341,4.9153004
23342,2.4886258
23343,7.2977285
23344,4.84611
23345,7.300958
23346,1.4539466
23347,3.949364
23348,2.217857
23349,6.807808
23350,5.690848
23351,1.3293452
23352,0.6084202
23353,5.8487897
23354,3.0450163
23355,5.676597
23356,3.9287465
23357,0.76001394
23358,3.6169875
23359,4.952304
23360,4.776641
23361,4.051562
23362,1.5031931
23363,2.6879323
23364,1.6333761
23365,2.5133998
23366,5.238938
23367,6.149272
23368,4.750486
23369,1.6849873
23370,5.8417683
23371,8.976827
23372,2.5192394
23373,6.0821424
23374,5.0126743
23375,3.1372874
23376,6.342076
23377,6.5171747
23378,3.101098
23379,5.3339415
23380,7.0846534
23381,3.3008761
23382,5.263866
23383,2.640121
23384,1.0316383
23385,2.575115
23386,3.555013
23387,5.07198
23388,4.3171062
23389,1.5747387
23390,1.1185117
23391,8.075454
23392,3.4093719
23393,5.14393
23394,4.063423
23395,0.8053406
23396,8.934745
23397,7.2351108
23398,7.5470595
23399,1.8649652
23400,0.63008446
23401,7.5414333
23402,2.0048606
23403,1.2553334
23404,5.603493
23405,3.378512
23406,1.400919
23407,6.125486
23408,3.4017391
23409,6.9223213
23410,2.626517
23411,6.8077407
23412,8.149946
23413,6.4893737
23414,5.429342
23415,5.668082
23416,3.8632011
23417,4.388006
23418,4.038252
23419,5.896064
23420,2.4950378
23421,1.4363828
23422,2.4956343
23423,1.1209959
23424,1.4556313
23425,4.5720716
23426,2.2347174
23427,2.3704877
23428,3.0413828
23429,-0.44110858
23430,1.9687667
23431,1.5111125
23432,4.299989
23433,3.0950217
23434,3.7591918
23435,4.7964377
23436,7.124526
23437,3.0129538
23438,4.401433
23439,2.2187371
23440,7.403622
23441,2.8047132
23442,2.8753815
23443,2.4447825
23444,1.1416653
23445,5.8830795
23446,9.1583395
23447,1.7707034
23448,4.226281
23449,8.341306
23450,4.3863873
23451,4.1472335
23452,5.18166
23453,4.2658024
23454,4.5559764
23455,3.297011
23456,6.9034367
23457,0.9416413
23458,6.0420055
23459,4.9262877
23460,4.18974
23461,6.5383344
23462,6.9148192
23463,7.217435
23464,1.3866957
23465,2.978397
23466,7.285422
23467,6.02728
23468,1.9353819
23469,4.541167
23470,5.2361755
23471,6.186829
23472,3.299864
23473,8.25473
23474,4.453981
23475,4.60359
23476,3.113547
23477,1.0818741
23478,4.6285706
23479,2.60929
23480,2.6917048
23481,5.4074006
23482,6.125754
23483,2.1439736
23484,9.3946495
